"GHO","PUBLISHSTATE","YEAR","REGION","COUNTRY","SEX","Display Value","Numeric","Low","High","Comments"
"TOBACCO_0000000346","PUBLISHED","2008","WPR","AUS","MLE","...","","","",""
"TOBACCO_0000000346","PUBLISHED","2008","WPR","AUS","BTSX","...","","","",""
"TOBACCO_0000000346","PUBLISHED","2008","WPR","AUS","FMLE","...","","","",""
"TOBACCO_0000000346","PUBLISHED","2008","EUR","AUT","MLE","...","","","",""
"TOBACCO_0000000346","PUBLISHED","2008","EUR","AUT","FMLE","...","","","",""
"TOBACCO_0000000346","PUBLISHED","2008","EUR","AUT","BTSX","...","","","",""
"TOBACCO_0000000346","PUBLISHED","2008","EUR","AZE","BTSX","...","","","",""
"TOBACCO_0000000346","PUBLISHED","2008","EUR","AZE","FMLE","...","","","",""
"TOBACCO_0000000346","PUBLISHED","2008","EUR","AZE","MLE","...","","","",""
"TOBACCO_0000000346","PUBLISHED","2008","AMR","BHS","MLE","22.5","","","",""
"TOBACCO_0000000346","PUBLISHED","2008","AMR","BHS","BTSX","21.6","","","",""
"TOBACCO_0000000346","PUBLISHED","2008","AMR","BHS","FMLE","20.8","","","",""
"TOBACCO_0000000346","PUBLISHED","2008","EMR","BHR","MLE","37.2","","","",""
"TOBACCO_0000000346","PUBLISHED","2008","EMR","BHR","FMLE","39.5","","","",""
"TOBACCO_0000000346","PUBLISHED","2008","EMR","BHR","BTSX","38.7","","","",""
"TOBACCO_0000000346","PUBLISHED","2008","SEAR","BGD","MLE","37.8","","","",""
"TOBACCO_0000000346","PUBLISHED","2008","SEAR","BGD","BTSX","34.7","","","",""
"TOBACCO_0000000346","PUBLISHED","2008","SEAR","BGD","FMLE","32.4","","","",""
"TOBACCO_0000000346","PUBLISHED","2008","AMR","BRB","BTSX","25.9","","","",""
"TOBACCO_0000000346","PUBLISHED","2008","AMR","BRB","FMLE","26","","","",""
"TOBACCO_0000000346","PUBLISHED","2008","AMR","BRB","MLE","25.9","","","",""
"TOBACCO_0000000346","PUBLISHED","2008","EUR","BLR","MLE","...","","","",""
"TOBACCO_0000000346","PUBLISHED","2008","EUR","BLR","BTSX","...","","","",""
"TOBACCO_0000000346","PUBLISHED","2008","EUR","BLR","FMLE","...","","","",""
"TOBACCO_0000000346","PUBLISHED","2008","EUR","BEL","FMLE","...","","","",""
"TOBACCO_0000000346","PUBLISHED","2008","EUR","BEL","BTSX","...","","","",""
"TOBACCO_0000000346","PUBLISHED","2008","EUR","BEL","MLE","...","","","",""
"TOBACCO_0000000346","PUBLISHED","2008","AMR","BLZ","BTSX","25.7","","","",""
"TOBACCO_0000000346","PUBLISHED","2008","AMR","BLZ","FMLE","25.1","","","",""
"TOBACCO_0000000346","PUBLISHED","2008","AMR","BLZ","MLE","26.2","","","",""
"TOBACCO_0000000346","PUBLISHED","2008","AFR","BEN","BTSX","21.5","","","",""
"TOBACCO_0000000346","PUBLISHED","2008","AFR","BEN","FMLE","18.3","","","",""
"TOBACCO_0000000346","PUBLISHED","2008","AFR","BEN","MLE","23.7","","","",""
"TOBACCO_0000000346","PUBLISHED","2008","EUR","ARM","MLE","88.1","","","",""
"TOBACCO_0000000346","PUBLISHED","2008","EUR","ARM","BTSX","89.8","","","",""
"TOBACCO_0000000346","PUBLISHED","2008","EUR","ARM","FMLE","91.6","","","",""
"TOBACCO_0000000346","PUBLISHED","2008","AMR","ARG","BTSX","54.7","","","",""
"TOBACCO_0000000346","PUBLISHED","2008","AMR","ARG","MLE","51.7","","","",""
"TOBACCO_0000000346","PUBLISHED","2008","AMR","ARG","FMLE","57.7","","","",""
"TOBACCO_0000000346","PUBLISHED","2008","AMR","ATG","FMLE","18.7","","","",""
"TOBACCO_0000000346","PUBLISHED","2008","AMR","ATG","BTSX","18","","","",""
"TOBACCO_0000000346","PUBLISHED","2008","AMR","ATG","MLE","16.7","","","",""
"TOBACCO_0000000346","PUBLISHED","2008","AFR","AGO","FMLE","...","","","",""
"TOBACCO_0000000346","PUBLISHED","2008","AFR","AGO","MLE","...","","","",""
"TOBACCO_0000000346","PUBLISHED","2008","AFR","AGO","BTSX","...","","","",""
"TOBACCO_0000000346","PUBLISHED","2008","EUR","AND","FMLE","...","","","",""
"TOBACCO_0000000346","PUBLISHED","2008","EUR","AND","BTSX","...","","","",""
"TOBACCO_0000000346","PUBLISHED","2008","EUR","AND","MLE","...","","","",""
"TOBACCO_0000000346","PUBLISHED","2008","AFR","DZA","MLE","39.8","","","",""
"TOBACCO_0000000346","PUBLISHED","2008","AFR","DZA","BTSX","38.7","","","",""
"TOBACCO_0000000346","PUBLISHED","2008","AFR","DZA","FMLE","37.9","","","",""
"TOBACCO_0000000346","PUBLISHED","2008","EUR","ALB","MLE","83.5","","","",""
"TOBACCO_0000000346","PUBLISHED","2008","EUR","ALB","BTSX","84.8","","","",""
"TOBACCO_0000000346","PUBLISHED","2008","EUR","ALB","FMLE","85.7","","","",""
"TOBACCO_0000000346","PUBLISHED","2008","EMR","AFG","BTSX","38.8","","","",""
"TOBACCO_0000000346","PUBLISHED","2008","EMR","AFG","FMLE","33.3","","","",""
"TOBACCO_0000000346","PUBLISHED","2008","EMR","AFG","MLE","43.4","","","",""
"TOBACCO_0000000346","PUBLISHED","2008","SEAR","BTN","BTSX","31.9","","","",""
"TOBACCO_0000000346","PUBLISHED","2008","SEAR","BTN","MLE","32.5","","","",""
"TOBACCO_0000000346","PUBLISHED","2008","SEAR","BTN","FMLE","31.1","","","",""
"TOBACCO_0000000346","PUBLISHED","2008","AMR","BOL","MLE","34.3","","","",""
"TOBACCO_0000000346","PUBLISHED","2008","AMR","BOL","BTSX","34.3","","","",""
"TOBACCO_0000000346","PUBLISHED","2008","AMR","BOL","FMLE","34.4","","","",""
"TOBACCO_0000000346","PUBLISHED","2008","EUR","BIH","BTSX","79","","","",""
"TOBACCO_0000000346","PUBLISHED","2008","EUR","BIH","FMLE","81.7","","","",""
"TOBACCO_0000000346","PUBLISHED","2008","EUR","BIH","MLE","76.1","","","",""
"TOBACCO_0000000346","PUBLISHED","2008","AFR","BWA","MLE","38.2","","","",""
"TOBACCO_0000000346","PUBLISHED","2008","AFR","BWA","FMLE","38.6","","","",""
"TOBACCO_0000000346","PUBLISHED","2008","AFR","BWA","BTSX","38.5","","","",""
"TOBACCO_0000000346","PUBLISHED","2008","AMR","BRA","FMLE","38","","","",""
"TOBACCO_0000000346","PUBLISHED","2008","AMR","BRA","MLE","29.7","","","",""
"TOBACCO_0000000346","PUBLISHED","2008","AMR","BRA","BTSX","35","","","",""
"TOBACCO_0000000346","PUBLISHED","2008","WPR","BRN","FMLE","...","","","",""
"TOBACCO_0000000346","PUBLISHED","2008","WPR","BRN","BTSX","...","","","",""
"TOBACCO_0000000346","PUBLISHED","2008","WPR","BRN","MLE","...","","","",""
"TOBACCO_0000000346","PUBLISHED","2008","EUR","BGR","FMLE","66.3","","","",""
"TOBACCO_0000000346","PUBLISHED","2008","EUR","BGR","BTSX","63.9","","","",""
"TOBACCO_0000000346","PUBLISHED","2008","EUR","BGR","MLE","61.5","","","",""
"TOBACCO_0000000346","PUBLISHED","2008","AFR","BFA","MLE","38.1","","","",""
"TOBACCO_0000000346","PUBLISHED","2008","AFR","BFA","BTSX","32.9","","","",""
"TOBACCO_0000000346","PUBLISHED","2008","AFR","BFA","FMLE","27.5","","","",""
"TOBACCO_0000000346","PUBLISHED","2008","AFR","BDI","BTSX","33.9","","","",""
"TOBACCO_0000000346","PUBLISHED","2008","AFR","BDI","MLE","35.2","","","",""
"TOBACCO_0000000346","PUBLISHED","2008","AFR","BDI","FMLE","31.7","","","",""
"TOBACCO_0000000346","PUBLISHED","2008","WPR","KHM","FMLE","44.5","","","",""
"TOBACCO_0000000346","PUBLISHED","2008","WPR","KHM","MLE","48.9","","","",""
"TOBACCO_0000000346","PUBLISHED","2008","WPR","KHM","BTSX","47","","","",""
"TOBACCO_0000000346","PUBLISHED","2008","AFR","CMR","BTSX","23.1","","","",""
"TOBACCO_0000000346","PUBLISHED","2008","AFR","CMR","MLE","26.6","","","",""
"TOBACCO_0000000346","PUBLISHED","2008","AFR","CMR","FMLE","19.4","","","",""
"TOBACCO_0000000346","PUBLISHED","2008","AMR","CAN","MLE","...","","","",""
"TOBACCO_0000000346","PUBLISHED","2008","AMR","CAN","BTSX","...","","","",""
"TOBACCO_0000000346","PUBLISHED","2008","AMR","CAN","FMLE","...","","","",""
"TOBACCO_0000000346","PUBLISHED","2008","AFR","CPV","MLE","13.9","","","",""
"TOBACCO_0000000346","PUBLISHED","2008","AFR","CPV","FMLE","13.7","","","",""
"TOBACCO_0000000346","PUBLISHED","2008","AFR","CPV","BTSX","13.9","","","",""
"TOBACCO_0000000346","PUBLISHED","2008","AFR","CAF","MLE","29.9","","","",""
"TOBACCO_0000000346","PUBLISHED","2008","AFR","CAF","FMLE","40.7","","","",""
"TOBACCO_0000000346","PUBLISHED","2008","AFR","CAF","BTSX","35.2","","","",""
"TOBACCO_0000000346","PUBLISHED","2008","AFR","TCD","BTSX","33.9","","","",""
"TOBACCO_0000000346","PUBLISHED","2008","AFR","TCD","FMLE","31.2","","","",""
"TOBACCO_0000000346","PUBLISHED","2008","AFR","TCD","MLE","34.1","","","",""
"TOBACCO_0000000346","PUBLISHED","2008","AMR","CHL","BTSX","51.7","","","",""
"TOBACCO_0000000346","PUBLISHED","2008","AMR","CHL","MLE","48.9","","","",""
"TOBACCO_0000000346","PUBLISHED","2008","AMR","CHL","FMLE","54.4","","","",""
"TOBACCO_0000000346","PUBLISHED","2008","WPR","CHN","FMLE","47.4","","","",""
"TOBACCO_0000000346","PUBLISHED","2008","WPR","CHN","MLE","46.6","","","",""
"TOBACCO_0000000346","PUBLISHED","2008","WPR","CHN","BTSX","47","","","",""
"TOBACCO_0000000346","PUBLISHED","2008","AMR","COL","MLE","25.3","","","",""
"TOBACCO_0000000346","PUBLISHED","2008","AMR","COL","BTSX","26.2","","","",""
"TOBACCO_0000000346","PUBLISHED","2008","AMR","COL","FMLE","27","","","",""
"TOBACCO_0000000346","PUBLISHED","2008","AFR","COM","FMLE","34.9","","","",""
"TOBACCO_0000000346","PUBLISHED","2008","AFR","COM","MLE","35.7","","","",""
"TOBACCO_0000000346","PUBLISHED","2008","AFR","COM","BTSX","35.2","","","",""
"TOBACCO_0000000346","PUBLISHED","2008","AFR","COG","BTSX","22.8","","","",""
"TOBACCO_0000000346","PUBLISHED","2008","AFR","COG","FMLE","20.2","","","",""
"TOBACCO_0000000346","PUBLISHED","2008","AFR","COG","MLE","25.5","","","",""
"TOBACCO_0000000346","PUBLISHED","2008","WPR","COK","FMLE","64.5","","","",""
"TOBACCO_0000000346","PUBLISHED","2008","WPR","COK","BTSX","61.9","","","",""
"TOBACCO_0000000346","PUBLISHED","2008","WPR","COK","MLE","58.8","","","",""
"TOBACCO_0000000346","PUBLISHED","2008","AMR","CRI","FMLE","22.1","","","",""
"TOBACCO_0000000346","PUBLISHED","2008","AMR","CRI","BTSX","21.6","","","",""
"TOBACCO_0000000346","PUBLISHED","2008","AMR","CRI","MLE","20.8","","","",""
"TOBACCO_0000000346","PUBLISHED","2008","EUR","HRV","BTSX","73.4","","","",""
"TOBACCO_0000000346","PUBLISHED","2008","EUR","HRV","FMLE","75.7","","","",""
"TOBACCO_0000000346","PUBLISHED","2008","EUR","HRV","MLE","71.4","","","",""
"TOBACCO_0000000346","PUBLISHED","2008","AMR","CUB","MLE","59.1","","","",""
"TOBACCO_0000000346","PUBLISHED","2008","AMR","CUB","BTSX","62.4","","","",""
"TOBACCO_0000000346","PUBLISHED","2008","AMR","CUB","FMLE","65.7","","","",""
"TOBACCO_0000000346","PUBLISHED","2008","EUR","CYP","MLE","86.8","","","",""
"TOBACCO_0000000346","PUBLISHED","2008","EUR","CYP","BTSX","87.9","","","",""
"TOBACCO_0000000346","PUBLISHED","2008","EUR","CYP","FMLE","89.1","","","",""
"TOBACCO_0000000346","PUBLISHED","2008","EUR","CZE","FMLE","38.9","","","",""
"TOBACCO_0000000346","PUBLISHED","2008","EUR","CZE","BTSX","38","","","",""
"TOBACCO_0000000346","PUBLISHED","2008","EUR","CZE","MLE","37.3","","","",""
"TOBACCO_0000000346","PUBLISHED","2008","SEAR","PRK","MLE","...","","","",""
"TOBACCO_0000000346","PUBLISHED","2008","SEAR","PRK","BTSX","...","","","",""
"TOBACCO_0000000346","PUBLISHED","2008","SEAR","PRK","FMLE","...","","","",""
"TOBACCO_0000000346","PUBLISHED","2008","AFR","COD","FMLE","27","","","",""
"TOBACCO_0000000346","PUBLISHED","2008","AFR","COD","BTSX","30.2","","","",""
"TOBACCO_0000000346","PUBLISHED","2008","AFR","COD","MLE","32.5","","","",""
"TOBACCO_0000000346","PUBLISHED","2008","EUR","DNK","MLE","...","","","",""
"TOBACCO_0000000346","PUBLISHED","2008","EUR","DNK","BTSX","...","","","",""
"TOBACCO_0000000346","PUBLISHED","2008","EUR","DNK","FMLE","...","","","",""
"TOBACCO_0000000346","PUBLISHED","2008","EMR","DJI","BTSX","39.5","","","",""
"TOBACCO_0000000346","PUBLISHED","2008","EMR","DJI","FMLE","38.2","","","",""
"TOBACCO_0000000346","PUBLISHED","2008","EMR","DJI","MLE","40.3","","","",""
"TOBACCO_0000000346","PUBLISHED","2008","AMR","DMA","FMLE","25.6","","","",""
"TOBACCO_0000000346","PUBLISHED","2008","AMR","DMA","BTSX","26.3","","","",""
"TOBACCO_0000000346","PUBLISHED","2008","AMR","DMA","MLE","24.9","","","",""
"TOBACCO_0000000346","PUBLISHED","2008","AMR","DOM","FMLE","34.5","","","",""
"TOBACCO_0000000346","PUBLISHED","2008","AMR","DOM","MLE","31.1","","","",""
"TOBACCO_0000000346","PUBLISHED","2008","AMR","DOM","BTSX","33.1","","","",""
"TOBACCO_0000000346","PUBLISHED","2008","AMR","ECU","FMLE","30.2","","","",""
"TOBACCO_0000000346","PUBLISHED","2008","AMR","ECU","MLE","27.5","","","",""
"TOBACCO_0000000346","PUBLISHED","2008","AMR","ECU","BTSX","28.9","","","",""
"TOBACCO_0000000346","PUBLISHED","2008","EMR","EGY","MLE","41.5","","","",""
"TOBACCO_0000000346","PUBLISHED","2008","EMR","EGY","BTSX","38.7","","","",""
"TOBACCO_0000000346","PUBLISHED","2008","EMR","EGY","FMLE","34.5","","","",""
"TOBACCO_0000000346","PUBLISHED","2008","AMR","SLV","BTSX","14.8","","","",""
"TOBACCO_0000000346","PUBLISHED","2008","AMR","SLV","MLE","16.7","","","",""
"TOBACCO_0000000346","PUBLISHED","2008","AMR","SLV","FMLE","13.6","","","",""
"TOBACCO_0000000346","PUBLISHED","2008","AFR","GNQ","FMLE","45.8","","","",""
"TOBACCO_0000000346","PUBLISHED","2008","AFR","GNQ","BTSX","47.5","","","",""
"TOBACCO_0000000346","PUBLISHED","2008","AFR","GNQ","MLE","47.8","","","",""
"TOBACCO_0000000346","PUBLISHED","2008","AFR","ERI","MLE","20.4","","","",""
"TOBACCO_0000000346","PUBLISHED","2008","AFR","ERI","BTSX","18.4","","","",""
"TOBACCO_0000000346","PUBLISHED","2008","AFR","ERI","FMLE","14.8","","","",""
"TOBACCO_0000000346","PUBLISHED","2008","EUR","EST","BTSX","41.1","","","",""
"TOBACCO_0000000346","PUBLISHED","2008","EUR","EST","FMLE","42.8","","","",""
"TOBACCO_0000000346","PUBLISHED","2008","EUR","EST","MLE","39.3","","","",""
"TOBACCO_0000000346","PUBLISHED","2008","AFR","ETH","BTSX","14.9","","","",""
"TOBACCO_0000000346","PUBLISHED","2008","AFR","ETH","FMLE","12.8","","","",""
"TOBACCO_0000000346","PUBLISHED","2008","AFR","ETH","MLE","15.5","","","",""
"TOBACCO_0000000346","PUBLISHED","2008","WPR","FJI","BTSX","47.1","","","",""
"TOBACCO_0000000346","PUBLISHED","2008","WPR","FJI","MLE","49.4","","","",""
"TOBACCO_0000000346","PUBLISHED","2008","WPR","FJI","FMLE","44.9","","","",""
"TOBACCO_0000000346","PUBLISHED","2008","EUR","FIN","MLE","...","","","",""
"TOBACCO_0000000346","PUBLISHED","2008","EUR","FIN","BTSX","...","","","",""
"TOBACCO_0000000346","PUBLISHED","2008","EUR","FIN","FMLE","...","","","",""
"TOBACCO_0000000346","PUBLISHED","2008","EUR","FRA","BTSX","...","","","",""
"TOBACCO_0000000346","PUBLISHED","2008","EUR","FRA","FMLE","...","","","",""
"TOBACCO_0000000346","PUBLISHED","2008","EUR","FRA","MLE","...","","","",""
"TOBACCO_0000000346","PUBLISHED","2008","AFR","GAB","MLE","...","","","",""
"TOBACCO_0000000346","PUBLISHED","2008","AFR","GAB","FMLE","...","","","",""
"TOBACCO_0000000346","PUBLISHED","2008","AFR","GAB","BTSX","...","","","",""
"TOBACCO_0000000346","PUBLISHED","2008","AFR","GMB","FMLE","44.4","","","",""
"TOBACCO_0000000346","PUBLISHED","2008","AFR","GMB","MLE","45.8","","","",""
"TOBACCO_0000000346","PUBLISHED","2008","AFR","GMB","BTSX","45.8","","","",""
"TOBACCO_0000000346","PUBLISHED","2008","EUR","GEO","FMLE","62.8","","","",""
"TOBACCO_0000000346","PUBLISHED","2008","EUR","GEO","BTSX","62.7","","","",""
"TOBACCO_0000000346","PUBLISHED","2008","EUR","GEO","MLE","62.4","","","",""
"TOBACCO_0000000346","PUBLISHED","2008","EUR","DEU","BTSX","...","","","",""
"TOBACCO_0000000346","PUBLISHED","2008","EUR","DEU","FMLE","...","","","",""
"TOBACCO_0000000346","PUBLISHED","2008","EUR","DEU","MLE","...","","","",""
"TOBACCO_0000000346","PUBLISHED","2008","AFR","GHA","MLE","16.2","","","",""
"TOBACCO_0000000346","PUBLISHED","2008","AFR","GHA","FMLE","14.7","","","",""
"TOBACCO_0000000346","PUBLISHED","2008","AFR","GHA","BTSX","15.9","","","",""
"TOBACCO_0000000346","PUBLISHED","2008","EUR","GRC","BTSX","...","","","",""
"TOBACCO_0000000346","PUBLISHED","2008","EUR","GRC","MLE","...","","","",""
"TOBACCO_0000000346","PUBLISHED","2008","EUR","GRC","FMLE","...","","","",""
"TOBACCO_0000000346","PUBLISHED","2008","AMR","GRD","FMLE","27.7","","","",""
"TOBACCO_0000000346","PUBLISHED","2008","AMR","GRD","MLE","26.3","","","",""
"TOBACCO_0000000346","PUBLISHED","2008","AMR","GRD","BTSX","27.3","","","",""
"TOBACCO_0000000346","PUBLISHED","2008","AMR","GTM","FMLE","22.1","","","",""
"TOBACCO_0000000346","PUBLISHED","2008","AMR","GTM","MLE","23.9","","","",""
"TOBACCO_0000000346","PUBLISHED","2008","AMR","GTM","BTSX","23.1","","","",""
"TOBACCO_0000000346","PUBLISHED","2008","AFR","GIN","MLE","27.6","","","",""
"TOBACCO_0000000346","PUBLISHED","2008","AFR","GIN","BTSX","27.7","","","",""
"TOBACCO_0000000346","PUBLISHED","2008","AFR","GIN","FMLE","28.1","","","",""
"TOBACCO_0000000346","PUBLISHED","2008","AFR","GNB","FMLE","29.7","","","",""
"TOBACCO_0000000346","PUBLISHED","2008","AFR","GNB","MLE","32.1","","","",""
"TOBACCO_0000000346","PUBLISHED","2008","AFR","GNB","BTSX","31","","","",""
"TOBACCO_0000000346","PUBLISHED","2008","AMR","GUY","BTSX","33.4","","","",""
"TOBACCO_0000000346","PUBLISHED","2008","AMR","GUY","FMLE","30.6","","","",""
"TOBACCO_0000000346","PUBLISHED","2008","AMR","GUY","MLE","36.6","","","",""
"TOBACCO_0000000346","PUBLISHED","2008","AMR","HTI","FMLE","29.6","","","",""
"TOBACCO_0000000346","PUBLISHED","2008","AMR","HTI","BTSX","32.3","","","",""
"TOBACCO_0000000346","PUBLISHED","2008","AMR","HTI","MLE","34.7","","","",""
"TOBACCO_0000000346","PUBLISHED","2008","AMR","HND","FMLE","31.6","","","",""
"TOBACCO_0000000346","PUBLISHED","2008","AMR","HND","MLE","26.2","","","",""
"TOBACCO_0000000346","PUBLISHED","2008","AMR","HND","BTSX","29.6","","","",""
"TOBACCO_0000000346","PUBLISHED","2008","EUR","HUN","FMLE","45.3","","","",""
"TOBACCO_0000000346","PUBLISHED","2008","EUR","HUN","MLE","39.9","","","",""
"TOBACCO_0000000346","PUBLISHED","2008","EUR","HUN","BTSX","43","","","",""
"TOBACCO_0000000346","PUBLISHED","2008","EUR","ISL","FMLE","...","","","",""
"TOBACCO_0000000346","PUBLISHED","2008","EUR","ISL","BTSX","...","","","",""
"TOBACCO_0000000346","PUBLISHED","2008","EUR","ISL","MLE","...","","","",""
"TOBACCO_0000000346","PUBLISHED","2008","SEAR","IND","BTSX","26.6","","","",""
"TOBACCO_0000000346","PUBLISHED","2008","SEAR","IND","MLE","29.2","","","",""
"TOBACCO_0000000346","PUBLISHED","2008","SEAR","IND","FMLE","23.1","","","",""
"TOBACCO_0000000346","PUBLISHED","2008","SEAR","IDN","FMLE","62.3","","","",""
"TOBACCO_0000000346","PUBLISHED","2008","SEAR","IDN","BTSX","64.7","","","",""
"TOBACCO_0000000346","PUBLISHED","2008","SEAR","IDN","MLE","67.4","","","",""
"TOBACCO_0000000346","PUBLISHED","2008","EMR","IRN","FMLE","32.7","","","",""
"TOBACCO_0000000346","PUBLISHED","2008","EMR","IRN","MLE","38.1","","","",""
"TOBACCO_0000000346","PUBLISHED","2008","EMR","IRN","BTSX","35.4","","","",""
"TOBACCO_0000000346","PUBLISHED","2008","EMR","IRQ","FMLE","34.4","","","",""
"TOBACCO_0000000346","PUBLISHED","2008","EMR","IRQ","BTSX","32.3","","","",""
"TOBACCO_0000000346","PUBLISHED","2008","EMR","IRQ","MLE","30.3","","","",""
"TOBACCO_0000000346","PUBLISHED","2008","EUR","IRL","FMLE","...","","","",""
"TOBACCO_0000000346","PUBLISHED","2008","EUR","IRL","BTSX","...","","","",""
"TOBACCO_0000000346","PUBLISHED","2008","EUR","IRL","MLE","...","","","",""
"TOBACCO_0000000346","PUBLISHED","2008","EUR","ISR","MLE","...","","","",""
"TOBACCO_0000000346","PUBLISHED","2008","EUR","ISR","BTSX","...","","","",""
"TOBACCO_0000000346","PUBLISHED","2008","EUR","ISR","FMLE","...","","","",""
"TOBACCO_0000000346","PUBLISHED","2008","EUR","ITA","BTSX","...","","","",""
"TOBACCO_0000000346","PUBLISHED","2008","EUR","ITA","MLE","...","","","",""
"TOBACCO_0000000346","PUBLISHED","2008","EUR","ITA","FMLE","...","","","",""
"TOBACCO_0000000346","PUBLISHED","2008","AMR","JAM","MLE","32.2","","","",""
"TOBACCO_0000000346","PUBLISHED","2008","AMR","JAM","FMLE","32.5","","","",""
"TOBACCO_0000000346","PUBLISHED","2008","AMR","JAM","BTSX","32.5","","","",""
"TOBACCO_0000000346","PUBLISHED","2008","WPR","JPN","MLE","...","","","",""
"TOBACCO_0000000346","PUBLISHED","2008","WPR","JPN","FMLE","...","","","",""
"TOBACCO_0000000346","PUBLISHED","2008","WPR","JPN","BTSX","...","","","",""
"TOBACCO_0000000346","PUBLISHED","2008","EMR","JOR","FMLE","68","","","",""
"TOBACCO_0000000346","PUBLISHED","2008","EMR","JOR","BTSX","66","","","",""
"TOBACCO_0000000346","PUBLISHED","2008","EMR","JOR","MLE","63","","","",""
"TOBACCO_0000000346","PUBLISHED","2008","EUR","KAZ","FMLE","...","","","",""
"TOBACCO_0000000346","PUBLISHED","2008","EUR","KAZ","MLE","...","","","",""
"TOBACCO_0000000346","PUBLISHED","2008","EUR","KAZ","BTSX","...","","","",""
"TOBACCO_0000000346","PUBLISHED","2008","AFR","KEN","MLE","25.4","","","",""
"TOBACCO_0000000346","PUBLISHED","2008","AFR","KEN","FMLE","23.6","","","",""
"TOBACCO_0000000346","PUBLISHED","2008","AFR","KEN","BTSX","24.7","","","",""
"TOBACCO_0000000346","PUBLISHED","2008","WPR","KIR","FMLE","...","","","",""
"TOBACCO_0000000346","PUBLISHED","2008","WPR","KIR","MLE","...","","","",""
"TOBACCO_0000000346","PUBLISHED","2008","WPR","KIR","BTSX","...","","","",""
"TOBACCO_0000000346","PUBLISHED","2008","EMR","KWT","MLE","42","","","",""
"TOBACCO_0000000346","PUBLISHED","2008","EMR","KWT","FMLE","45.5","","","",""
"TOBACCO_0000000346","PUBLISHED","2008","EMR","KWT","BTSX","44.4","","","",""
"TOBACCO_0000000346","PUBLISHED","2008","EUR","KGZ","FMLE","31.9","","","",""
"TOBACCO_0000000346","PUBLISHED","2008","EUR","KGZ","BTSX","33.4","","","",""
"TOBACCO_0000000346","PUBLISHED","2008","EUR","KGZ","MLE","35.1","","","",""
"TOBACCO_0000000346","PUBLISHED","2008","WPR","LAO","MLE","41.2","","","",""
"TOBACCO_0000000346","PUBLISHED","2008","WPR","LAO","FMLE","39.5","","","",""
"TOBACCO_0000000346","PUBLISHED","2008","WPR","LAO","BTSX","40.3","","","",""
"TOBACCO_0000000346","PUBLISHED","2008","EUR","LVA","MLE","55.1","","","",""
"TOBACCO_0000000346","PUBLISHED","2008","EUR","LVA","FMLE","55.1","","","",""
"TOBACCO_0000000346","PUBLISHED","2008","EUR","LVA","BTSX","55.2","","","",""
"TOBACCO_0000000346","PUBLISHED","2008","EMR","LBN","FMLE","80.4","","","",""
"TOBACCO_0000000346","PUBLISHED","2008","EMR","LBN","BTSX","78.4","","","",""
"TOBACCO_0000000346","PUBLISHED","2008","EMR","LBN","MLE","76","","","",""
"TOBACCO_0000000346","PUBLISHED","2008","AFR","LSO","BTSX","36.9","","","",""
"TOBACCO_0000000346","PUBLISHED","2008","AFR","LSO","FMLE","37.3","","","",""
"TOBACCO_0000000346","PUBLISHED","2008","AFR","LSO","MLE","34.2","","","",""
"TOBACCO_0000000346","PUBLISHED","2008","AFR","LBR","BTSX","23.6","","","",""
"TOBACCO_0000000346","PUBLISHED","2008","AFR","LBR","MLE","22.2","","","",""
"TOBACCO_0000000346","PUBLISHED","2008","AFR","LBR","FMLE","24.5","","","",""
"TOBACCO_0000000346","PUBLISHED","2008","EMR","LBY","BTSX","37.8","","","",""
"TOBACCO_0000000346","PUBLISHED","2008","EMR","LBY","FMLE","33.4","","","",""
"TOBACCO_0000000346","PUBLISHED","2008","EMR","LBY","MLE","41.4","","","",""
"TOBACCO_0000000346","PUBLISHED","2008","EUR","LTU","BTSX","43.1","","","",""
"TOBACCO_0000000346","PUBLISHED","2008","EUR","LTU","MLE","42","","","",""
"TOBACCO_0000000346","PUBLISHED","2008","EUR","LTU","FMLE","43.8","","","",""
"TOBACCO_0000000346","PUBLISHED","2008","EUR","LUX","MLE","...","","","",""
"TOBACCO_0000000346","PUBLISHED","2008","EUR","LUX","BTSX","...","","","",""
"TOBACCO_0000000346","PUBLISHED","2008","EUR","LUX","FMLE","...","","","",""
"TOBACCO_0000000346","PUBLISHED","2008","AFR","MDG","BTSX","49.5","","","",""
"TOBACCO_0000000346","PUBLISHED","2008","AFR","MDG","MLE","55","","","",""
"TOBACCO_0000000346","PUBLISHED","2008","AFR","MDG","FMLE","44.9","","","",""
"TOBACCO_0000000346","PUBLISHED","2008","AFR","MWI","FMLE","10.4","","","",""
"TOBACCO_0000000346","PUBLISHED","2008","AFR","MWI","BTSX","10.4","","","",""
"TOBACCO_0000000346","PUBLISHED","2008","AFR","MWI","MLE","10.4","","","",""
"TOBACCO_0000000346","PUBLISHED","2008","WPR","MYS","FMLE","3.1","","","",""
"TOBACCO_0000000346","PUBLISHED","2008","WPR","MYS","BTSX","11.5","","","",""
"TOBACCO_0000000346","PUBLISHED","2008","WPR","MYS","MLE","19.9","","","",""
"TOBACCO_0000000346","PUBLISHED","2008","SEAR","MDV","FMLE","47.1","","","",""
"TOBACCO_0000000346","PUBLISHED","2008","SEAR","MDV","BTSX","48.3","","","",""
"TOBACCO_0000000346","PUBLISHED","2008","SEAR","MDV","MLE","49.4","","","",""
"TOBACCO_0000000346","PUBLISHED","2008","AFR","MLI","BTSX","48.5","","","",""
"TOBACCO_0000000346","PUBLISHED","2008","AFR","MLI","FMLE","46.9","","","",""
"TOBACCO_0000000346","PUBLISHED","2008","AFR","MLI","MLE","50.1","","","",""
"TOBACCO_0000000346","PUBLISHED","2008","EUR","MLT","MLE","...","","","",""
"TOBACCO_0000000346","PUBLISHED","2008","EUR","MLT","FMLE","...","","","",""
"TOBACCO_0000000346","PUBLISHED","2008","EUR","MLT","BTSX","...","","","",""
"TOBACCO_0000000346","PUBLISHED","2008","WPR","MHL","MLE","...","","","",""
"TOBACCO_0000000346","PUBLISHED","2008","WPR","MHL","FMLE","...","","","",""
"TOBACCO_0000000346","PUBLISHED","2008","WPR","MHL","BTSX","...","","","",""
"TOBACCO_0000000346","PUBLISHED","2008","AFR","MRT","MLE","42.4","","","",""
"TOBACCO_0000000346","PUBLISHED","2008","AFR","MRT","FMLE","43.4","","","",""
"TOBACCO_0000000346","PUBLISHED","2008","AFR","MRT","BTSX","42.7","","","",""
"TOBACCO_0000000346","PUBLISHED","2008","AFR","MUS","FMLE","34.1","","","",""
"TOBACCO_0000000346","PUBLISHED","2008","AFR","MUS","MLE","38.5","","","",""
"TOBACCO_0000000346","PUBLISHED","2008","AFR","MUS","BTSX","36.1","","","",""
"TOBACCO_0000000346","PUBLISHED","2008","AMR","MEX","FMLE","45.5","","","",""
"TOBACCO_0000000346","PUBLISHED","2008","AMR","MEX","MLE","46.3","","","",""
"TOBACCO_0000000346","PUBLISHED","2008","AMR","MEX","BTSX","46.2","","","",""
"TOBACCO_0000000346","PUBLISHED","2008","WPR","FSM","MLE","60.4","","","",""
"TOBACCO_0000000346","PUBLISHED","2008","WPR","FSM","BTSX","60.7","","","",""
"TOBACCO_0000000346","PUBLISHED","2008","WPR","FSM","FMLE","59.6","","","",""
"TOBACCO_0000000346","PUBLISHED","2008","EUR","MCO","MLE","...","","","",""
"TOBACCO_0000000346","PUBLISHED","2008","EUR","MCO","BTSX","...","","","",""
"TOBACCO_0000000346","PUBLISHED","2008","EUR","MCO","FMLE","...","","","",""
"TOBACCO_0000000346","PUBLISHED","2008","WPR","MNG","BTSX","54.4","","","",""
"TOBACCO_0000000346","PUBLISHED","2008","WPR","MNG","MLE","53.7","","","",""
"TOBACCO_0000000346","PUBLISHED","2008","WPR","MNG","FMLE","54.3","","","",""
"TOBACCO_0000000346","PUBLISHED","2008","EMR","MAR","BTSX","27.1","","","",""
"TOBACCO_0000000346","PUBLISHED","2008","EMR","MAR","FMLE","29.2","","","",""
"TOBACCO_0000000346","PUBLISHED","2008","EMR","MAR","MLE","24.7","","","",""
"TOBACCO_0000000346","PUBLISHED","2008","AFR","MOZ","MLE","25.2","","","",""
"TOBACCO_0000000346","PUBLISHED","2008","AFR","MOZ","BTSX","22.5","","","",""
"TOBACCO_0000000346","PUBLISHED","2008","AFR","MOZ","FMLE","19.6","","","",""
"TOBACCO_0000000346","PUBLISHED","2008","SEAR","MMR","MLE","38.8","","","",""
"TOBACCO_0000000346","PUBLISHED","2008","SEAR","MMR","BTSX","34.1","","","",""
"TOBACCO_0000000346","PUBLISHED","2008","SEAR","MMR","FMLE","29.4","","","",""
"TOBACCO_0000000346","PUBLISHED","2008","AFR","NAM","FMLE","38.9","","","",""
"TOBACCO_0000000346","PUBLISHED","2008","AFR","NAM","BTSX","40.3","","","",""
"TOBACCO_0000000346","PUBLISHED","2008","AFR","NAM","MLE","41.5","","","",""
"TOBACCO_0000000346","PUBLISHED","2008","WPR","NRU","BTSX","...","","","",""
"TOBACCO_0000000346","PUBLISHED","2008","WPR","NRU","MLE","...","","","",""
"TOBACCO_0000000346","PUBLISHED","2008","WPR","NRU","FMLE","...","","","",""
"TOBACCO_0000000346","PUBLISHED","2008","SEAR","NPL","BTSX","35.3","","","",""
"TOBACCO_0000000346","PUBLISHED","2008","SEAR","NPL","FMLE","31.7","","","",""
"TOBACCO_0000000346","PUBLISHED","2008","SEAR","NPL","MLE","38.5","","","",""
"TOBACCO_0000000346","PUBLISHED","2008","EUR","NLD","FMLE","...","","","",""
"TOBACCO_0000000346","PUBLISHED","2008","EUR","NLD","MLE","...","","","",""
"TOBACCO_0000000346","PUBLISHED","2008","EUR","NLD","BTSX","...","","","",""
"TOBACCO_0000000346","PUBLISHED","2008","WPR","NZL","FMLE","33.1","","","",""
"TOBACCO_0000000346","PUBLISHED","2008","WPR","NZL","BTSX","36","","","",""
"TOBACCO_0000000346","PUBLISHED","2008","WPR","NZL","MLE","38.5","","","",""
"TOBACCO_0000000346","PUBLISHED","2008","AMR","NIC","BTSX","43.7","","","",""
"TOBACCO_0000000346","PUBLISHED","2008","AMR","NIC","FMLE","43.2","","","",""
"TOBACCO_0000000346","PUBLISHED","2008","AMR","NIC","MLE","43.9","","","",""
"TOBACCO_0000000346","PUBLISHED","2008","AFR","NER","FMLE","23.8","","","",""
"TOBACCO_0000000346","PUBLISHED","2008","AFR","NER","BTSX","30.3","","","",""
"TOBACCO_0000000346","PUBLISHED","2008","AFR","NER","MLE","36.8","","","",""
"TOBACCO_0000000346","PUBLISHED","2008","AFR","NGA","BTSX","21.7","","","",""
"TOBACCO_0000000346","PUBLISHED","2008","AFR","NGA","FMLE","12.8","","","",""
"TOBACCO_0000000346","PUBLISHED","2008","AFR","NGA","MLE","29.2","","","",""
"TOBACCO_0000000346","PUBLISHED","2008","WPR","NIU","BTSX","...","","","",""
"TOBACCO_0000000346","PUBLISHED","2008","WPR","NIU","FMLE","...","","","",""
"TOBACCO_0000000346","PUBLISHED","2008","WPR","NIU","MLE","...","","","",""
"TOBACCO_0000000346","PUBLISHED","2008","EUR","NOR","BTSX","...","","","",""
"TOBACCO_0000000346","PUBLISHED","2008","EUR","NOR","FMLE","...","","","",""
"TOBACCO_0000000346","PUBLISHED","2008","EUR","NOR","MLE","...","","","",""
"TOBACCO_0000000346","PUBLISHED","2008","EMR","OMN","MLE","16.7","","","",""
"TOBACCO_0000000346","PUBLISHED","2008","EMR","OMN","BTSX","13.9","","","",""
"TOBACCO_0000000346","PUBLISHED","2008","EMR","OMN","FMLE","11.2","","","",""
"TOBACCO_0000000346","PUBLISHED","2008","EMR","PAK","MLE","32.1","","","",""
"TOBACCO_0000000346","PUBLISHED","2008","EMR","PAK","FMLE","21.7","","","",""
"TOBACCO_0000000346","PUBLISHED","2008","EMR","PAK","BTSX","26.6","","","",""
"TOBACCO_0000000346","PUBLISHED","2008","WPR","PLW","FMLE","49.3","","","",""
"TOBACCO_0000000346","PUBLISHED","2008","WPR","PLW","MLE","45.7","","","",""
"TOBACCO_0000000346","PUBLISHED","2008","WPR","PLW","BTSX","47.6","","","",""
"TOBACCO_0000000346","PUBLISHED","2008","AMR","PAN","BTSX","21.9","","","",""
"TOBACCO_0000000346","PUBLISHED","2008","AMR","PAN","FMLE","21.5","","","",""
"TOBACCO_0000000346","PUBLISHED","2008","AMR","PAN","MLE","22.2","","","",""
"TOBACCO_0000000346","PUBLISHED","2008","WPR","PNG","MLE","75.4","","","",""
"TOBACCO_0000000346","PUBLISHED","2008","WPR","PNG","FMLE","72.2","","","",""
"TOBACCO_0000000346","PUBLISHED","2008","WPR","PNG","BTSX","73.9","","","",""
"TOBACCO_0000000346","PUBLISHED","2008","AMR","PRY","BTSX","32.5","","","",""
"TOBACCO_0000000346","PUBLISHED","2008","AMR","PRY","FMLE","30.1","","","",""
"TOBACCO_0000000346","PUBLISHED","2008","AMR","PRY","MLE","35.1","","","",""
"TOBACCO_0000000346","PUBLISHED","2008","AMR","PER","FMLE","24.2","","","",""
"TOBACCO_0000000346","PUBLISHED","2008","AMR","PER","MLE","26.2","","","",""
"TOBACCO_0000000346","PUBLISHED","2008","AMR","PER","BTSX","25.5","","","",""
"TOBACCO_0000000346","PUBLISHED","2008","WPR","PHL","FMLE","53.1","","","",""
"TOBACCO_0000000346","PUBLISHED","2008","WPR","PHL","BTSX","54.5","","","",""
"TOBACCO_0000000346","PUBLISHED","2008","WPR","PHL","MLE","55.7","","","",""
"TOBACCO_0000000346","PUBLISHED","2008","EUR","POL","BTSX","...","","","",""
"TOBACCO_0000000346","PUBLISHED","2008","EUR","POL","MLE","...","","","",""
"TOBACCO_0000000346","PUBLISHED","2008","EUR","POL","FMLE","...","","","",""
"TOBACCO_0000000346","PUBLISHED","2008","EUR","PRT","FMLE","...","","","",""
"TOBACCO_0000000346","PUBLISHED","2008","EUR","PRT","MLE","...","","","",""
"TOBACCO_0000000346","PUBLISHED","2008","EUR","PRT","BTSX","...","","","",""
"TOBACCO_0000000346","PUBLISHED","2008","EMR","QAT","FMLE","35.2","","","",""
"TOBACCO_0000000346","PUBLISHED","2008","EMR","QAT","BTSX","35.7","","","",""
"TOBACCO_0000000346","PUBLISHED","2008","EMR","QAT","MLE","36.3","","","",""
"TOBACCO_0000000346","PUBLISHED","2008","WPR","KOR","MLE","33.8","","","",""
"TOBACCO_0000000346","PUBLISHED","2008","WPR","KOR","FMLE","41.6","","","",""
"TOBACCO_0000000346","PUBLISHED","2008","WPR","KOR","BTSX","37.6","","","",""
"TOBACCO_0000000346","PUBLISHED","2008","EUR","MDA","BTSX","20.3","","","",""
"TOBACCO_0000000346","PUBLISHED","2008","EUR","MDA","FMLE","20.1","","","",""
"TOBACCO_0000000346","PUBLISHED","2008","EUR","MDA","MLE","20.6","","","",""
"TOBACCO_0000000346","PUBLISHED","2008","EUR","ROU","MLE","...","","","",""
"TOBACCO_0000000346","PUBLISHED","2008","EUR","ROU","BTSX","...","","","",""
"TOBACCO_0000000346","PUBLISHED","2008","EUR","ROU","FMLE","...","","","",""
"TOBACCO_0000000346","PUBLISHED","2008","EUR","RUS","BTSX","76.4","","","",""
"TOBACCO_0000000346","PUBLISHED","2008","EUR","RUS","FMLE","78.5","","","",""
"TOBACCO_0000000346","PUBLISHED","2008","EUR","RUS","MLE","74.3","","","",""
"TOBACCO_0000000346","PUBLISHED","2008","AFR","RWA","MLE","19.9","","","",""
"TOBACCO_0000000346","PUBLISHED","2008","AFR","RWA","BTSX","19.2","","","",""
"TOBACCO_0000000346","PUBLISHED","2008","AFR","RWA","FMLE","18","","","",""
"TOBACCO_0000000346","PUBLISHED","2008","AMR","KNA","BTSX","16.5","","","",""
"TOBACCO_0000000346","PUBLISHED","2008","AMR","KNA","FMLE","15.3","","","",""
"TOBACCO_0000000346","PUBLISHED","2008","AMR","KNA","MLE","16.2","","","",""
"TOBACCO_0000000346","PUBLISHED","2008","AMR","LCA","MLE","28.4","","","",""
"TOBACCO_0000000346","PUBLISHED","2008","AMR","LCA","BTSX","25.2","","","",""
"TOBACCO_0000000346","PUBLISHED","2008","AMR","LCA","FMLE","22.6","","","",""
"TOBACCO_0000000346","PUBLISHED","2008","AMR","VCT","BTSX","31.5","","","",""
"TOBACCO_0000000346","PUBLISHED","2008","AMR","VCT","MLE","31.7","","","",""
"TOBACCO_0000000346","PUBLISHED","2008","AMR","VCT","FMLE","30.9","","","",""
"TOBACCO_0000000346","PUBLISHED","2008","WPR","WSM","FMLE","56.4","","","",""
"TOBACCO_0000000346","PUBLISHED","2008","WPR","WSM","MLE","60.8","","","",""
"TOBACCO_0000000346","PUBLISHED","2008","WPR","WSM","BTSX","59.1","","","",""
"TOBACCO_0000000346","PUBLISHED","2008","EUR","SMR","MLE","...","","","",""
"TOBACCO_0000000346","PUBLISHED","2008","EUR","SMR","FMLE","...","","","",""
"TOBACCO_0000000346","PUBLISHED","2008","EUR","SMR","BTSX","...","","","",""
"TOBACCO_0000000346","PUBLISHED","2008","AFR","STP","FMLE","...","","","",""
"TOBACCO_0000000346","PUBLISHED","2008","AFR","STP","BTSX","...","","","",""
"TOBACCO_0000000346","PUBLISHED","2008","AFR","STP","MLE","...","","","",""
"TOBACCO_0000000346","PUBLISHED","2008","EMR","SAU","MLE","28.9","","","",""
"TOBACCO_0000000346","PUBLISHED","2008","EMR","SAU","FMLE","26.4","","","",""
"TOBACCO_0000000346","PUBLISHED","2008","EMR","SAU","BTSX","27.9","","","",""
"TOBACCO_0000000346","PUBLISHED","2008","AFR","SEN","FMLE","42.5","","","",""
"TOBACCO_0000000346","PUBLISHED","2008","AFR","SEN","MLE","49.9","","","",""
"TOBACCO_0000000346","PUBLISHED","2008","AFR","SEN","BTSX","47.6","","","",""
"TOBACCO_0000000346","PUBLISHED","2008","EUR","SRB","FMLE","80","","","",""
"TOBACCO_0000000346","PUBLISHED","2008","EUR","SRB","BTSX","76.9","","","",""
"TOBACCO_0000000346","PUBLISHED","2008","EUR","SRB","MLE","73.4","","","",""
"TOBACCO_0000000346","PUBLISHED","2008","AFR","SYC","BTSX","42.3","","","",""
"TOBACCO_0000000346","PUBLISHED","2008","AFR","SYC","MLE","38.2","","","",""
"TOBACCO_0000000346","PUBLISHED","2008","AFR","SYC","FMLE","46.1","","","",""
"TOBACCO_0000000346","PUBLISHED","2008","AFR","SLE","FMLE","42.9","","","",""
"TOBACCO_0000000346","PUBLISHED","2008","AFR","SLE","BTSX","44.2","","","",""
"TOBACCO_0000000346","PUBLISHED","2008","AFR","SLE","MLE","46.3","","","",""
"TOBACCO_0000000346","PUBLISHED","2008","WPR","SGP","MLE","34.8","","","",""
"TOBACCO_0000000346","PUBLISHED","2008","WPR","SGP","FMLE","35.2","","","",""
"TOBACCO_0000000346","PUBLISHED","2008","WPR","SGP","BTSX","35.1","","","",""
"TOBACCO_0000000346","PUBLISHED","2008","EUR","SVK","BTSX","44.9","","","",""
"TOBACCO_0000000346","PUBLISHED","2008","EUR","SVK","MLE","42.4","","","",""
"TOBACCO_0000000346","PUBLISHED","2008","EUR","SVK","FMLE","46.9","","","",""
"TOBACCO_0000000346","PUBLISHED","2008","EUR","SVN","FMLE","...","","","",""
"TOBACCO_0000000346","PUBLISHED","2008","EUR","SVN","MLE","...","","","",""
"TOBACCO_0000000346","PUBLISHED","2008","EUR","SVN","BTSX","...","","","",""
"TOBACCO_0000000346","PUBLISHED","2008","WPR","SLB","MLE","...","","","",""
"TOBACCO_0000000346","PUBLISHED","2008","WPR","SLB","BTSX","...","","","",""
"TOBACCO_0000000346","PUBLISHED","2008","WPR","SLB","FMLE","...","","","",""
"TOBACCO_0000000346","PUBLISHED","2008","EMR","SOM","BTSX","29.1","","","",""
"TOBACCO_0000000346","PUBLISHED","2008","EMR","SOM","MLE","30.8","","","",""
"TOBACCO_0000000346","PUBLISHED","2008","EMR","SOM","FMLE","21.9","","","",""
"TOBACCO_0000000346","PUBLISHED","2008","AFR","ZAF","MLE","32.7","","","",""
"TOBACCO_0000000346","PUBLISHED","2008","AFR","ZAF","BTSX","32.1","","","",""
"TOBACCO_0000000346","PUBLISHED","2008","AFR","ZAF","FMLE","31.5","","","",""
"TOBACCO_0000000346","PUBLISHED","2008","EUR","ESP","FMLE","...","","","",""
"TOBACCO_0000000346","PUBLISHED","2008","EUR","ESP","MLE","...","","","",""
"TOBACCO_0000000346","PUBLISHED","2008","EUR","ESP","BTSX","...","","","",""
"TOBACCO_0000000346","PUBLISHED","2008","SEAR","LKA","MLE","37.6","","","",""
"TOBACCO_0000000346","PUBLISHED","2008","SEAR","LKA","FMLE","33.4","","","",""
"TOBACCO_0000000346","PUBLISHED","2008","SEAR","LKA","BTSX","35.4","","","",""
"TOBACCO_0000000346","PUBLISHED","2008","EMR","SDN","FMLE","23.3","","","",""
"TOBACCO_0000000346","PUBLISHED","2008","EMR","SDN","BTSX","27.5","","","",""
"TOBACCO_0000000346","PUBLISHED","2008","EMR","SDN","MLE","32","","","",""
"TOBACCO_0000000346","PUBLISHED","2008","AMR","SUR","MLE","52.6","","","",""
"TOBACCO_0000000346","PUBLISHED","2008","AMR","SUR","FMLE","47","","","",""
"TOBACCO_0000000346","PUBLISHED","2008","AMR","SUR","BTSX","49.7","","","",""
"TOBACCO_0000000346","PUBLISHED","2008","AFR","SWZ","BTSX","23","","","",""
"TOBACCO_0000000346","PUBLISHED","2008","AFR","SWZ","FMLE","21","","","",""
"TOBACCO_0000000346","PUBLISHED","2008","AFR","SWZ","MLE","26","","","",""
"TOBACCO_0000000346","PUBLISHED","2008","EUR","SWE","BTSX","...","","","",""
"TOBACCO_0000000346","PUBLISHED","2008","EUR","SWE","MLE","...","","","",""
"TOBACCO_0000000346","PUBLISHED","2008","EUR","SWE","FMLE","...","","","",""
"TOBACCO_0000000346","PUBLISHED","2008","EUR","CHE","FMLE","...","","","",""
"TOBACCO_0000000346","PUBLISHED","2008","EUR","CHE","MLE","...","","","",""
"TOBACCO_0000000346","PUBLISHED","2008","EUR","CHE","BTSX","...","","","",""
"TOBACCO_0000000346","PUBLISHED","2008","EMR","SYR","MLE","58.7","","","",""
"TOBACCO_0000000346","PUBLISHED","2008","EMR","SYR","BTSX","60.1","","","",""
"TOBACCO_0000000346","PUBLISHED","2008","EMR","SYR","FMLE","61.7","","","",""
"TOBACCO_0000000346","PUBLISHED","2008","EUR","TJK","BTSX","...","","","",""
"TOBACCO_0000000346","PUBLISHED","2008","EUR","TJK","FMLE","...","","","",""
"TOBACCO_0000000346","PUBLISHED","2008","EUR","TJK","MLE","...","","","",""
"TOBACCO_0000000346","PUBLISHED","2008","SEAR","THA","BTSX","49","","","",""
"TOBACCO_0000000346","PUBLISHED","2008","SEAR","THA","MLE","47.4","","","",""
"TOBACCO_0000000346","PUBLISHED","2008","SEAR","THA","FMLE","48.6","","","",""
"TOBACCO_0000000346","PUBLISHED","2008","EUR","MKD","BTSX","67.5","","","",""
"TOBACCO_0000000346","PUBLISHED","2008","EUR","MKD","FMLE","70.5","","","",""
"TOBACCO_0000000346","PUBLISHED","2008","EUR","MKD","MLE","64.7","","","",""
"TOBACCO_0000000346","PUBLISHED","2008","SEAR","TLS","FMLE","61.1","","","",""
"TOBACCO_0000000346","PUBLISHED","2008","SEAR","TLS","MLE","66","","","",""
"TOBACCO_0000000346","PUBLISHED","2008","SEAR","TLS","BTSX","63.2","","","",""
"TOBACCO_0000000346","PUBLISHED","2008","AFR","TGO","BTSX","20.2","","","",""
"TOBACCO_0000000346","PUBLISHED","2008","AFR","TGO","FMLE","15.7","","","",""
"TOBACCO_0000000346","PUBLISHED","2008","AFR","TGO","MLE","23.5","","","",""
"TOBACCO_0000000346","PUBLISHED","2008","WPR","TON","MLE","...","","","",""
"TOBACCO_0000000346","PUBLISHED","2008","WPR","TON","BTSX","...","","","",""
"TOBACCO_0000000346","PUBLISHED","2008","WPR","TON","FMLE","...","","","",""
"TOBACCO_0000000346","PUBLISHED","2008","AMR","TTO","MLE","36.3","","","",""
"TOBACCO_0000000346","PUBLISHED","2008","AMR","TTO","FMLE","43.6","","","",""
"TOBACCO_0000000346","PUBLISHED","2008","AMR","TTO","BTSX","40.1","","","",""
"TOBACCO_0000000346","PUBLISHED","2008","EMR","TUN","BTSX","51.9","","","",""
"TOBACCO_0000000346","PUBLISHED","2008","EMR","TUN","MLE","53.1","","","",""
"TOBACCO_0000000346","PUBLISHED","2008","EMR","TUN","FMLE","50.6","","","",""
"TOBACCO_0000000346","PUBLISHED","2008","EUR","TUR","BTSX","81.6","","","",""
"TOBACCO_0000000346","PUBLISHED","2008","EUR","TUR","FMLE","82.7","","","",""
"TOBACCO_0000000346","PUBLISHED","2008","EUR","TUR","MLE","80.6","","","",""
"TOBACCO_0000000346","PUBLISHED","2008","EUR","TKM","FMLE","...","","","",""
"TOBACCO_0000000346","PUBLISHED","2008","EUR","TKM","MLE","...","","","",""
"TOBACCO_0000000346","PUBLISHED","2008","EUR","TKM","BTSX","...","","","",""
"TOBACCO_0000000346","PUBLISHED","2008","WPR","TUV","BTSX","76.6","","","",""
"TOBACCO_0000000346","PUBLISHED","2008","WPR","TUV","FMLE","75.8","","","",""
"TOBACCO_0000000346","PUBLISHED","2008","WPR","TUV","MLE","77.8","","","",""
"TOBACCO_0000000346","PUBLISHED","2008","AFR","UGA","BTSX","20","","","",""
"TOBACCO_0000000346","PUBLISHED","2008","AFR","UGA","MLE","20.7","","","",""
"TOBACCO_0000000346","PUBLISHED","2008","AFR","UGA","FMLE","18.8","","","",""
"TOBACCO_0000000346","PUBLISHED","2008","EUR","UKR","MLE","...","","","",""
"TOBACCO_0000000346","PUBLISHED","2008","EUR","UKR","FMLE","...","","","",""
"TOBACCO_0000000346","PUBLISHED","2008","EUR","UKR","BTSX","...","","","",""
"TOBACCO_0000000346","PUBLISHED","2008","EMR","ARE","BTSX","25.3","","","",""
"TOBACCO_0000000346","PUBLISHED","2008","EMR","ARE","FMLE","25.4","","","",""
"TOBACCO_0000000346","PUBLISHED","2008","EMR","ARE","MLE","24.3","","","",""
"TOBACCO_0000000346","PUBLISHED","2008","EUR","GBR","FMLE","...","","","",""
"TOBACCO_0000000346","PUBLISHED","2008","EUR","GBR","BTSX","...","","","",""
"TOBACCO_0000000346","PUBLISHED","2008","EUR","GBR","MLE","...","","","",""
"TOBACCO_0000000346","PUBLISHED","2008","AFR","TZA","MLE","16.4","","","",""
"TOBACCO_0000000346","PUBLISHED","2008","AFR","TZA","FMLE","14.9","","","",""
"TOBACCO_0000000346","PUBLISHED","2008","AFR","TZA","BTSX","15.7","","","",""
"TOBACCO_0000000346","PUBLISHED","2008","AMR","USA","BTSX","41.1","","","",""
"TOBACCO_0000000346","PUBLISHED","2008","AMR","USA","FMLE","41.6","","","",""
"TOBACCO_0000000346","PUBLISHED","2008","AMR","USA","MLE","40.6","","","",""
"TOBACCO_0000000346","PUBLISHED","2008","AMR","URY","FMLE","52.5","","","",""
"TOBACCO_0000000346","PUBLISHED","2008","AMR","URY","MLE","47.6","","","",""
"TOBACCO_0000000346","PUBLISHED","2008","AMR","URY","BTSX","50.5","","","",""
"TOBACCO_0000000346","PUBLISHED","2008","EUR","UZB","MLE","17.6","","","",""
"TOBACCO_0000000346","PUBLISHED","2008","EUR","UZB","BTSX","17.3","","","",""
"TOBACCO_0000000346","PUBLISHED","2008","EUR","UZB","FMLE","15.8","","","",""
"TOBACCO_0000000346","PUBLISHED","2008","WPR","VUT","BTSX","59.3","","","",""
"TOBACCO_0000000346","PUBLISHED","2008","WPR","VUT","FMLE","56.7","","","",""
"TOBACCO_0000000346","PUBLISHED","2008","WPR","VUT","MLE","62.8","","","",""
"TOBACCO_0000000346","PUBLISHED","2008","AMR","VEN","FMLE","45.3","","","",""
"TOBACCO_0000000346","PUBLISHED","2008","AMR","VEN","BTSX","43.5","","","",""
"TOBACCO_0000000346","PUBLISHED","2008","AMR","VEN","MLE","40.7","","","",""
"TOBACCO_0000000346","PUBLISHED","2008","WPR","VNM","BTSX","58.5","","","",""
"TOBACCO_0000000346","PUBLISHED","2008","WPR","VNM","MLE","59","","","",""
"TOBACCO_0000000346","PUBLISHED","2008","WPR","VNM","FMLE","58","","","",""
"TOBACCO_0000000346","PUBLISHED","2008","EMR","YEM","BTSX","44.9","","","",""
"TOBACCO_0000000346","PUBLISHED","2008","EMR","YEM","MLE","48.2","","","",""
"TOBACCO_0000000346","PUBLISHED","2008","EMR","YEM","FMLE","37.8","","","",""
"TOBACCO_0000000346","PUBLISHED","2008","AFR","ZMB","MLE","21.2","","","",""
"TOBACCO_0000000346","PUBLISHED","2008","AFR","ZMB","FMLE","24.3","","","",""
"TOBACCO_0000000346","PUBLISHED","2008","AFR","ZMB","BTSX","23.1","","","",""
"TOBACCO_0000000346","PUBLISHED","2008","AFR","ZWE","MLE","22","","","",""
"TOBACCO_0000000346","PUBLISHED","2008","AFR","ZWE","FMLE","19.4","","","",""
"TOBACCO_0000000346","PUBLISHED","2008","AFR","ZWE","BTSX","20.9","","","",""
"TOBACCO_0000000346","PUBLISHED","2008","EUR","MNE","BTSX","76.8","","","",""
"TOBACCO_0000000346","PUBLISHED","2008","EUR","MNE","MLE","73.5","","","",""
"TOBACCO_0000000346","PUBLISHED","2008","EUR","MNE","FMLE","79.9","","","",""
"TOBACCO_0000000346","PUBLISHED","2008","AFR","CIV","FMLE","43.9","","","",""
"TOBACCO_0000000346","PUBLISHED","2008","AFR","CIV","MLE","44.6","","","",""
"TOBACCO_0000000346","PUBLISHED","2008","AFR","CIV","BTSX","44.2","","","",""
"TOBACCO_0000000346","PUBLISHED","2010","EMR","AFG","MLE","43.4","","","",""
"TOBACCO_0000000346","PUBLISHED","2010","EUR","ALB","MLE","48.6","","","",""
"TOBACCO_0000000346","PUBLISHED","2010","AFR","DZA","MLE","39.8","","","",""
"TOBACCO_0000000346","PUBLISHED","2010","EUR","AND","MLE","-","","","",""
"TOBACCO_0000000346","PUBLISHED","2010","AFR","AGO","MLE","-","","","",""
"TOBACCO_0000000346","PUBLISHED","2010","AMR","ATG","MLE","22.5","","","",""
"TOBACCO_0000000346","PUBLISHED","2010","AMR","ARG","MLE","51.7","","","",""
"TOBACCO_0000000346","PUBLISHED","2010","EUR","ARM","MLE","69.2","","","",""
"TOBACCO_0000000346","PUBLISHED","2010","WPR","AUS","MLE","-","","","",""
"TOBACCO_0000000346","PUBLISHED","2010","EUR","AUT","MLE","-","","","",""
"TOBACCO_0000000346","PUBLISHED","2010","EUR","AZE","MLE","-","","","",""
"TOBACCO_0000000346","PUBLISHED","2010","AMR","BHS","MLE","23.4","","","",""
"TOBACCO_0000000346","PUBLISHED","2010","EMR","BHR","MLE","37.2","","","",""
"TOBACCO_0000000346","PUBLISHED","2010","SEAR","BGD","MLE","37.8","","","",""
"TOBACCO_0000000346","PUBLISHED","2010","AMR","BRB","MLE","25.9","","","",""
"TOBACCO_0000000346","PUBLISHED","2010","EUR","BLR","MLE",". . .","","","",""
"TOBACCO_0000000346","PUBLISHED","2010","EUR","BEL","MLE","-","","","",""
"TOBACCO_0000000346","PUBLISHED","2010","AMR","BLZ","MLE","26.2","","","",""
"TOBACCO_0000000346","PUBLISHED","2010","AFR","BEN","MLE","23.7","","","",""
"TOBACCO_0000000346","PUBLISHED","2010","SEAR","BTN","MLE","29.2","","","",""
"TOBACCO_0000000346","PUBLISHED","2010","AMR","BOL","MLE","34.3","","","",""
"TOBACCO_0000000346","PUBLISHED","2010","EUR","BIH","MLE","74","","","",""
"TOBACCO_0000000346","PUBLISHED","2010","AFR","BWA","MLE","38.2","","","",""
"TOBACCO_0000000346","PUBLISHED","2010","AMR","BRA","MLE","31.9","","","",""
"TOBACCO_0000000346","PUBLISHED","2010","WPR","BRN","MLE","-","","","",""
"TOBACCO_0000000346","PUBLISHED","2010","EUR","BGR","MLE","61.5","","","",""
"TOBACCO_0000000346","PUBLISHED","2010","AFR","BFA","MLE","28.9","","","",""
"TOBACCO_0000000346","PUBLISHED","2010","AFR","BDI","MLE","35.2","","","",""
"TOBACCO_0000000346","PUBLISHED","2010","WPR","KHM","MLE","48.9","","","",""
"TOBACCO_0000000346","PUBLISHED","2010","AFR","CMR","MLE","25","","","",""
"TOBACCO_0000000346","PUBLISHED","2010","AMR","CAN","MLE","-","","","",""
"TOBACCO_0000000346","PUBLISHED","2010","AFR","CPV","MLE","13.9","","","",""
"TOBACCO_0000000346","PUBLISHED","2010","AFR","CAF","MLE","29.9","","","",""
"TOBACCO_0000000346","PUBLISHED","2010","AFR","TCD","MLE","34.1","","","",""
"TOBACCO_0000000346","PUBLISHED","2010","AMR","CHL","MLE","48.9","","","",""
"TOBACCO_0000000346","PUBLISHED","2010","WPR","CHN","MLE","46.6","","","",""
"TOBACCO_0000000346","PUBLISHED","2010","AMR","COL","MLE","25.3","","","",""
"TOBACCO_0000000346","PUBLISHED","2010","AFR","COM","MLE","35.7","","","",""
"TOBACCO_0000000346","PUBLISHED","2010","AFR","COG","MLE","24.7","","","",""
"TOBACCO_0000000346","PUBLISHED","2010","WPR","COK","MLE","58.8","","","",""
"TOBACCO_0000000346","PUBLISHED","2010","AMR","CRI","MLE","20.8","","","",""
"TOBACCO_0000000346","PUBLISHED","2010","EUR","HRV","MLE","71.4","","","",""
"TOBACCO_0000000346","PUBLISHED","2010","AMR","CUB","MLE","49.4","","","",""
"TOBACCO_0000000346","PUBLISHED","2010","EUR","CYP","MLE","86.8","","","",""
"TOBACCO_0000000346","PUBLISHED","2010","EUR","CZE","MLE","37.3","","","",""
"TOBACCO_0000000346","PUBLISHED","2010","SEAR","PRK","MLE","-","","","",""
"TOBACCO_0000000346","PUBLISHED","2010","AFR","COD","MLE","32.5","","","",""
"TOBACCO_0000000346","PUBLISHED","2010","EUR","DNK","MLE","-","","","",""
"TOBACCO_0000000346","PUBLISHED","2010","EMR","DJI","MLE","36.2","","","",""
"TOBACCO_0000000346","PUBLISHED","2010","AMR","DMA","MLE","25.2","","","",""
"TOBACCO_0000000346","PUBLISHED","2010","AMR","DOM","MLE","31.1","","","",""
"TOBACCO_0000000346","PUBLISHED","2010","AMR","ECU","MLE","27.5","","","",""
"TOBACCO_0000000346","PUBLISHED","2010","EMR","EGY","MLE","50.1","","","",""
"TOBACCO_0000000346","PUBLISHED","2010","AMR","SLV","MLE","19.3","","","",""
"TOBACCO_0000000346","PUBLISHED","2010","AFR","GNQ","MLE","47.8","","","",""
"TOBACCO_0000000346","PUBLISHED","2010","AFR","ERI","MLE","20.4","","","",""
"TOBACCO_0000000346","PUBLISHED","2010","EUR","EST","MLE","39.3","","","",""
"TOBACCO_0000000346","PUBLISHED","2010","AFR","ETH","MLE","15.5","","","",""
"TOBACCO_0000000346","PUBLISHED","2010","WPR","FJI","MLE","45.4","","","",""
"TOBACCO_0000000346","PUBLISHED","2010","EUR","FIN","MLE","-","","","",""
"TOBACCO_0000000346","PUBLISHED","2010","EUR","FRA","MLE","-","","","",""
"TOBACCO_0000000346","PUBLISHED","2010","AFR","GAB","MLE","-","","","",""
"TOBACCO_0000000346","PUBLISHED","2010","AFR","GMB","MLE","45.8","","","",""
"TOBACCO_0000000346","PUBLISHED","2010","EUR","GEO","MLE","62.4","","","",""
"TOBACCO_0000000346","PUBLISHED","2010","EUR","DEU","MLE","-","","","",""
"TOBACCO_0000000346","PUBLISHED","2010","AFR","GHA","MLE","19.6","","","",""
"TOBACCO_0000000346","PUBLISHED","2010","EUR","GRC","MLE",". . .","","","",""
"TOBACCO_0000000346","PUBLISHED","2010","AMR","GRD","MLE","24.9","","","",""
"TOBACCO_0000000346","PUBLISHED","2010","AMR","GTM","MLE","23.9","","","",""
"TOBACCO_0000000346","PUBLISHED","2010","AFR","GIN","MLE","27.6","","","",""
"TOBACCO_0000000346","PUBLISHED","2010","AFR","GNB","MLE","32.1","","","",""
"TOBACCO_0000000346","PUBLISHED","2010","AMR","GUY","MLE","32","","","",""
"TOBACCO_0000000346","PUBLISHED","2010","AMR","HTI","MLE","34.7","","","",""
"TOBACCO_0000000346","PUBLISHED","2010","AMR","HND","MLE","26.2","","","",""
"TOBACCO_0000000346","PUBLISHED","2010","EUR","HUN","MLE","39.9","","","",""
"TOBACCO_0000000346","PUBLISHED","2010","EUR","ISL","MLE","-","","","",""
"TOBACCO_0000000346","PUBLISHED","2010","SEAR","IND","MLE","24.1","","","",""
"TOBACCO_0000000346","PUBLISHED","2010","SEAR","IDN","MLE","72.6","","","",""
"TOBACCO_0000000346","PUBLISHED","2010","EMR","IRN","MLE","38.1","","","",""
"TOBACCO_0000000346","PUBLISHED","2010","EMR","IRQ","MLE","30.3","","","",""
"TOBACCO_0000000346","PUBLISHED","2010","EUR","IRL","MLE","-","","","",""
"TOBACCO_0000000346","PUBLISHED","2010","EUR","ISR","MLE","-","","","",""
"TOBACCO_0000000346","PUBLISHED","2010","EUR","ITA","MLE","-","","","",""
"TOBACCO_0000000346","PUBLISHED","2010","AMR","JAM","MLE","38.4","","","",""
"TOBACCO_0000000346","PUBLISHED","2010","WPR","JPN","MLE","-","","","",""
"TOBACCO_0000000346","PUBLISHED","2010","EMR","JOR","MLE","50.6","","","",""
"TOBACCO_0000000346","PUBLISHED","2010","EUR","KAZ","MLE","...","","","",""
"TOBACCO_0000000346","PUBLISHED","2010","AFR","KEN","MLE","25.4","","","",""
"TOBACCO_0000000346","PUBLISHED","2010","WPR","KIR","MLE","-","","","",""
"TOBACCO_0000000346","PUBLISHED","2010","EMR","KWT","MLE","46.9","","","",""
"TOBACCO_0000000346","PUBLISHED","2010","EUR","KGZ","MLE","35.1","","","",""
"TOBACCO_0000000346","PUBLISHED","2010","WPR","LAO","MLE","41.2","","","",""
"TOBACCO_0000000346","PUBLISHED","2010","EUR","LVA","MLE","55.1","","","",""
"TOBACCO_0000000346","PUBLISHED","2010","EMR","LBN","MLE","76","","","",""
"TOBACCO_0000000346","PUBLISHED","2010","AFR","LSO","MLE","34.2","","","",""
"TOBACCO_0000000346","PUBLISHED","2010","AFR","LBR","MLE","22.2","","","",""
"TOBACCO_0000000346","PUBLISHED","2010","EMR","LBY","MLE","34.7","","","",""
"TOBACCO_0000000346","PUBLISHED","2010","EUR","LTU","MLE","34.1","","","",""
"TOBACCO_0000000346","PUBLISHED","2010","EUR","LUX","MLE","-","","","",""
"TOBACCO_0000000346","PUBLISHED","2010","AFR","MDG","MLE","55","","","",""
"TOBACCO_0000000346","PUBLISHED","2010","AFR","MWI","MLE","25","","","",""
"TOBACCO_0000000346","PUBLISHED","2010","WPR","MYS","MLE","49.6","","","",""
"TOBACCO_0000000346","PUBLISHED","2010","SEAR","MDV","MLE","49.4","","","",""
"TOBACCO_0000000346","PUBLISHED","2010","AFR","MLI","MLE","50.1","","","",""
"TOBACCO_0000000346","PUBLISHED","2010","EUR","MLT","MLE","-","","","",""
"TOBACCO_0000000346","PUBLISHED","2010","WPR","MHL","MLE","-","","","",""
"TOBACCO_0000000346","PUBLISHED","2010","AFR","MRT","MLE","39.8","","","",""
"TOBACCO_0000000346","PUBLISHED","2010","AFR","MUS","MLE","38.5","","","",""
"TOBACCO_0000000346","PUBLISHED","2010","AMR","MEX","MLE","46.3","","","",""
"TOBACCO_0000000346","PUBLISHED","2010","WPR","FSM","MLE","60.4","","","",""
"TOBACCO_0000000346","PUBLISHED","2010","EUR","MCO","MLE","-","","","",""
"TOBACCO_0000000346","PUBLISHED","2010","WPR","MNG","MLE","53.7","","","",""
"TOBACCO_0000000346","PUBLISHED","2010","EMR","MAR","MLE","24.7","","","",""
"TOBACCO_0000000346","PUBLISHED","2010","AFR","MOZ","MLE","25.2","","","",""
"TOBACCO_0000000346","PUBLISHED","2010","SEAR","MMR","MLE","38.8","","","",""
"TOBACCO_0000000346","PUBLISHED","2010","AFR","NAM","MLE","38","","","",""
"TOBACCO_0000000346","PUBLISHED","2010","WPR","NRU","MLE","-","","","",""
"TOBACCO_0000000346","PUBLISHED","2010","SEAR","NPL","MLE","38.5","","","",""
"TOBACCO_0000000346","PUBLISHED","2010","EUR","NLD","MLE","-","","","",""
"TOBACCO_0000000346","PUBLISHED","2010","WPR","NZL","MLE","38.5","","","",""
"TOBACCO_0000000346","PUBLISHED","2010","AMR","NIC","MLE","43.9","","","",""
"TOBACCO_0000000346","PUBLISHED","2010","AFR","NER","MLE","28.1","","","",""
"TOBACCO_0000000346","PUBLISHED","2010","AFR","NGA","MLE","29.2","","","",""
"TOBACCO_0000000346","PUBLISHED","2010","WPR","NIU","MLE","-","","","",""
"TOBACCO_0000000346","PUBLISHED","2010","EUR","NOR","MLE","-","","","",""
"TOBACCO_0000000346","PUBLISHED","2010","EMR","OMN","MLE","12.9","","","",""
"TOBACCO_0000000346","PUBLISHED","2010","EMR","PAK","MLE","32.1","","","",""
"TOBACCO_0000000346","PUBLISHED","2010","WPR","PLW","MLE",". . .","","","",""
"TOBACCO_0000000346","PUBLISHED","2010","AMR","PAN","MLE","22.2","","","",""
"TOBACCO_0000000346","PUBLISHED","2010","WPR","PNG","MLE","75.4","","","",""
"TOBACCO_0000000346","PUBLISHED","2010","AMR","PRY","MLE","35.1","","","",""
"TOBACCO_0000000346","PUBLISHED","2010","AMR","PER","MLE","26.2","","","",""
"TOBACCO_0000000346","PUBLISHED","2010","WPR","PHL","MLE","55.7","","","",""
"TOBACCO_0000000346","PUBLISHED","2010","EUR","POL","MLE","42.8","","","",""
"TOBACCO_0000000346","PUBLISHED","2010","EUR","PRT","MLE","-","","","",""
"TOBACCO_0000000346","PUBLISHED","2010","EMR","QAT","MLE","36.3","","","",""
"TOBACCO_0000000346","PUBLISHED","2010","WPR","KOR","MLE","33.8","","","",""
"TOBACCO_0000000346","PUBLISHED","2010","EUR","MDA","MLE","20.6","","","",""
"TOBACCO_0000000346","PUBLISHED","2010","EUR","ROU","MLE","50","","","",""
"TOBACCO_0000000346","PUBLISHED","2010","EUR","RUS","MLE","74.3","","","",""
"TOBACCO_0000000346","PUBLISHED","2010","AFR","RWA","MLE","19.9","","","",""
"TOBACCO_0000000346","PUBLISHED","2010","AMR","KNA","MLE","18.5","","","",""
"TOBACCO_0000000346","PUBLISHED","2010","AMR","LCA","MLE","28.4","","","",""
"TOBACCO_0000000346","PUBLISHED","2010","AMR","VCT","MLE","31.7","","","",""
"TOBACCO_0000000346","PUBLISHED","2010","WPR","WSM","MLE","60.8","","","",""
"TOBACCO_0000000346","PUBLISHED","2010","EUR","SMR","MLE","-","","","",""
"TOBACCO_0000000346","PUBLISHED","2010","AFR","STP","MLE","-","","","",""
"TOBACCO_0000000346","PUBLISHED","2010","EMR","SAU","MLE","29.9","","","",""
"TOBACCO_0000000346","PUBLISHED","2010","AFR","SEN","MLE","49.9","","","",""
"TOBACCO_0000000346","PUBLISHED","2010","EUR","SRB","MLE","73.4","","","",""
"TOBACCO_0000000346","PUBLISHED","2010","AFR","SYC","MLE","38.2","","","",""
"TOBACCO_0000000346","PUBLISHED","2010","AFR","SLE","MLE","46.3","","","",""
"TOBACCO_0000000346","PUBLISHED","2010","WPR","SGP","MLE","34.8","","","",""
"TOBACCO_0000000346","PUBLISHED","2010","EUR","SVK","MLE","42.4","","","",""
"TOBACCO_0000000346","PUBLISHED","2010","EUR","SVN","MLE",". . .","","","",""
"TOBACCO_0000000346","PUBLISHED","2010","WPR","SLB","MLE","-","","","",""
"TOBACCO_0000000346","PUBLISHED","2010","EMR","SOM","MLE","30.8","","","",""
"TOBACCO_0000000346","PUBLISHED","2010","AFR","ZAF","MLE","32.7","","","",""
"TOBACCO_0000000346","PUBLISHED","2010","EUR","ESP","MLE","-","","","",""
"TOBACCO_0000000346","PUBLISHED","2010","SEAR","LKA","MLE","37.6","","","",""
"TOBACCO_0000000346","PUBLISHED","2010","EMR","SDN","MLE","26","","","",""
"TOBACCO_0000000346","PUBLISHED","2010","AMR","SUR","MLE","44.2","","","",""
"TOBACCO_0000000346","PUBLISHED","2010","AFR","SWZ","MLE","21.8","","","",""
"TOBACCO_0000000346","PUBLISHED","2010","EUR","SWE","MLE","-","","","",""
"TOBACCO_0000000346","PUBLISHED","2010","EUR","CHE","MLE","-","","","",""
"TOBACCO_0000000346","PUBLISHED","2010","EMR","SYR","MLE","54.5","","","",""
"TOBACCO_0000000346","PUBLISHED","2010","EUR","TJK","MLE",". . .","","","",""
"TOBACCO_0000000346","PUBLISHED","2010","SEAR","THA","MLE","46.6","","","",""
"TOBACCO_0000000346","PUBLISHED","2010","EUR","MKD","MLE","64.7","","","",""
"TOBACCO_0000000346","PUBLISHED","2010","SEAR","TLS","MLE","66.7","","","",""
"TOBACCO_0000000346","PUBLISHED","2010","AFR","TGO","MLE","23.5","","","",""
"TOBACCO_0000000346","PUBLISHED","2010","WPR","TON","MLE","-","","","",""
"TOBACCO_0000000346","PUBLISHED","2010","AMR","TTO","MLE","36.3","","","",""
"TOBACCO_0000000346","PUBLISHED","2010","EMR","TUN","MLE","49.2","","","",""
"TOBACCO_0000000346","PUBLISHED","2010","EUR","TUR","MLE","43.8","","","",""
"TOBACCO_0000000346","PUBLISHED","2010","EUR","TKM","MLE","-","","","",""
"TOBACCO_0000000346","PUBLISHED","2010","WPR","TUV","MLE","77.8","","","",""
"TOBACCO_0000000346","PUBLISHED","2010","AFR","UGA","MLE","20.7","","","",""
"TOBACCO_0000000346","PUBLISHED","2010","EUR","UKR","MLE",". . .","","","",""
"TOBACCO_0000000346","PUBLISHED","2010","EMR","ARE","MLE","24.3","","","",""
"TOBACCO_0000000346","PUBLISHED","2010","EUR","GBR","MLE","-","","","",""
"TOBACCO_0000000346","PUBLISHED","2010","AFR","TZA","MLE","16.4","","","",""
"TOBACCO_0000000346","PUBLISHED","2010","AMR","USA","MLE","35.3","","","",""
"TOBACCO_0000000346","PUBLISHED","2010","AMR","URY","MLE","47.6","","","",""
"TOBACCO_0000000346","PUBLISHED","2010","EUR","UZB","MLE","17.6","","","",""
"TOBACCO_0000000346","PUBLISHED","2010","WPR","VUT","MLE","62.8","","","",""
"TOBACCO_0000000346","PUBLISHED","2010","AMR","VEN","MLE","...","","","",""
"TOBACCO_0000000346","PUBLISHED","2010","WPR","VNM","MLE","59","","","",""
"TOBACCO_0000000346","PUBLISHED","2010","EMR","YEM","MLE","48.2","","","",""
"TOBACCO_0000000346","PUBLISHED","2010","AFR","ZMB","MLE","21.2","","","",""
"TOBACCO_0000000346","PUBLISHED","2010","AFR","ZWE","MLE","22","","","",""
"TOBACCO_0000000346","PUBLISHED","2010","EUR","MNE","MLE","73.5","","","",""
"TOBACCO_0000000346","PUBLISHED","2010","AFR","CIV","MLE","33.1","","","",""
"TOBACCO_0000000346","PUBLISHED","2010","EMR","AFG","FMLE","33.3","","","",""
"TOBACCO_0000000346","PUBLISHED","2010","EUR","ALB","FMLE","50.9","","","",""
"TOBACCO_0000000346","PUBLISHED","2010","AFR","DZA","FMLE","37.9","","","",""
"TOBACCO_0000000346","PUBLISHED","2010","EUR","AND","FMLE","-","","","",""
"TOBACCO_0000000346","PUBLISHED","2010","AFR","AGO","FMLE","-","","","",""
"TOBACCO_0000000346","PUBLISHED","2010","AMR","ATG","FMLE","29.7","","","",""
"TOBACCO_0000000346","PUBLISHED","2010","AMR","ARG","FMLE","57.7","","","",""
"TOBACCO_0000000346","PUBLISHED","2010","EUR","ARM","FMLE","71.6","","","",""
"TOBACCO_0000000346","PUBLISHED","2010","WPR","AUS","FMLE","-","","","",""
"TOBACCO_0000000346","PUBLISHED","2010","EUR","AUT","FMLE","-","","","",""
"TOBACCO_0000000346","PUBLISHED","2010","EUR","AZE","FMLE","-","","","",""
"TOBACCO_0000000346","PUBLISHED","2010","AMR","BHS","FMLE","27","","","",""
"TOBACCO_0000000346","PUBLISHED","2010","EMR","BHR","FMLE","39.5","","","",""
"TOBACCO_0000000346","PUBLISHED","2010","SEAR","BGD","FMLE","32.4","","","",""
"TOBACCO_0000000346","PUBLISHED","2010","AMR","BRB","FMLE","26","","","",""
"TOBACCO_0000000346","PUBLISHED","2010","EUR","BLR","FMLE",". . .","","","",""
"TOBACCO_0000000346","PUBLISHED","2010","EUR","BEL","FMLE","-","","","",""
"TOBACCO_0000000346","PUBLISHED","2010","AMR","BLZ","FMLE","25.1","","","",""
"TOBACCO_0000000346","PUBLISHED","2010","AFR","BEN","FMLE","18.3","","","",""
"TOBACCO_0000000346","PUBLISHED","2010","SEAR","BTN","FMLE","29.5","","","",""
"TOBACCO_0000000346","PUBLISHED","2010","AMR","BOL","FMLE","34.4","","","",""
"TOBACCO_0000000346","PUBLISHED","2010","EUR","BIH","FMLE","80.3","","","",""
"TOBACCO_0000000346","PUBLISHED","2010","AFR","BWA","FMLE","38.6","","","",""
"TOBACCO_0000000346","PUBLISHED","2010","AMR","BRA","FMLE","38.7","","","",""
"TOBACCO_0000000346","PUBLISHED","2010","WPR","BRN","FMLE","-","","","",""
"TOBACCO_0000000346","PUBLISHED","2010","EUR","BGR","FMLE","66.3","","","",""
"TOBACCO_0000000346","PUBLISHED","2010","AFR","BFA","FMLE","29.2","","","",""
"TOBACCO_0000000346","PUBLISHED","2010","AFR","BDI","FMLE","31.7","","","",""
"TOBACCO_0000000346","PUBLISHED","2010","WPR","KHM","FMLE","44.5","","","",""
"TOBACCO_0000000346","PUBLISHED","2010","AFR","CMR","FMLE","19.1","","","",""
"TOBACCO_0000000346","PUBLISHED","2010","AMR","CAN","FMLE","-","","","",""
"TOBACCO_0000000346","PUBLISHED","2010","AFR","CPV","FMLE","13.7","","","",""
"TOBACCO_0000000346","PUBLISHED","2010","AFR","CAF","FMLE","40.7","","","",""
"TOBACCO_0000000346","PUBLISHED","2010","AFR","TCD","FMLE","31.2","","","",""
"TOBACCO_0000000346","PUBLISHED","2010","AMR","CHL","FMLE","54.4","","","",""
"TOBACCO_0000000346","PUBLISHED","2010","WPR","CHN","FMLE","47.4","","","",""
"TOBACCO_0000000346","PUBLISHED","2010","AMR","COL","FMLE","27","","","",""
"TOBACCO_0000000346","PUBLISHED","2010","AFR","COM","FMLE","34.9","","","",""
"TOBACCO_0000000346","PUBLISHED","2010","AFR","COG","FMLE","19.6","","","",""
"TOBACCO_0000000346","PUBLISHED","2010","WPR","COK","FMLE","64.5","","","",""
"TOBACCO_0000000346","PUBLISHED","2010","AMR","CRI","FMLE","22.1","","","",""
"TOBACCO_0000000346","PUBLISHED","2010","EUR","HRV","FMLE","75.7","","","",""
"TOBACCO_0000000346","PUBLISHED","2010","AMR","CUB","FMLE","53.2","","","",""
"TOBACCO_0000000346","PUBLISHED","2010","EUR","CYP","FMLE","89.1","","","",""
"TOBACCO_0000000346","PUBLISHED","2010","EUR","CZE","FMLE","38.9","","","",""
"TOBACCO_0000000346","PUBLISHED","2010","SEAR","PRK","FMLE","-","","","",""
"TOBACCO_0000000346","PUBLISHED","2010","AFR","COD","FMLE","27","","","",""
"TOBACCO_0000000346","PUBLISHED","2010","EUR","DNK","FMLE","-","","","",""
"TOBACCO_0000000346","PUBLISHED","2010","EMR","DJI","FMLE","35.3","","","",""
"TOBACCO_0000000346","PUBLISHED","2010","AMR","DMA","FMLE","27.4","","","",""
"TOBACCO_0000000346","PUBLISHED","2010","AMR","DOM","FMLE","34.5","","","",""
"TOBACCO_0000000346","PUBLISHED","2010","AMR","ECU","FMLE","30.2","","","",""
"TOBACCO_0000000346","PUBLISHED","2010","EMR","EGY","FMLE","45.9","","","",""
"TOBACCO_0000000346","PUBLISHED","2010","AMR","SLV","FMLE","16.5","","","",""
"TOBACCO_0000000346","PUBLISHED","2010","AFR","GNQ","FMLE","45.8","","","",""
"TOBACCO_0000000346","PUBLISHED","2010","AFR","ERI","FMLE","14.8","","","",""
"TOBACCO_0000000346","PUBLISHED","2010","EUR","EST","FMLE","42.8","","","",""
"TOBACCO_0000000346","PUBLISHED","2010","AFR","ETH","FMLE","12.8","","","",""
"TOBACCO_0000000346","PUBLISHED","2010","WPR","FJI","FMLE","39.6","","","",""
"TOBACCO_0000000346","PUBLISHED","2010","EUR","FIN","FMLE","-","","","",""
"TOBACCO_0000000346","PUBLISHED","2010","EUR","FRA","FMLE","-","","","",""
"TOBACCO_0000000346","PUBLISHED","2010","AFR","GAB","FMLE","-","","","",""
"TOBACCO_0000000346","PUBLISHED","2010","AFR","GMB","FMLE","44.4","","","",""
"TOBACCO_0000000346","PUBLISHED","2010","EUR","GEO","FMLE","62.8","","","",""
"TOBACCO_0000000346","PUBLISHED","2010","EUR","DEU","FMLE","-","","","",""
"TOBACCO_0000000346","PUBLISHED","2010","AFR","GHA","FMLE","17.9","","","",""
"TOBACCO_0000000346","PUBLISHED","2010","EUR","GRC","FMLE",". . .","","","",""
"TOBACCO_0000000346","PUBLISHED","2010","AMR","GRD","FMLE","29.7","","","",""
"TOBACCO_0000000346","PUBLISHED","2010","AMR","GTM","FMLE","22.1","","","",""
"TOBACCO_0000000346","PUBLISHED","2010","AFR","GIN","FMLE","28.1","","","",""
"TOBACCO_0000000346","PUBLISHED","2010","AFR","GNB","FMLE","29.7","","","",""
"TOBACCO_0000000346","PUBLISHED","2010","AMR","GUY","FMLE","30.9","","","",""
"TOBACCO_0000000346","PUBLISHED","2010","AMR","HTI","FMLE","29.6","","","",""
"TOBACCO_0000000346","PUBLISHED","2010","AMR","HND","FMLE","31.6","","","",""
"TOBACCO_0000000346","PUBLISHED","2010","EUR","HUN","FMLE","45.3","","","",""
"TOBACCO_0000000346","PUBLISHED","2010","EUR","ISL","FMLE","-","","","",""
"TOBACCO_0000000346","PUBLISHED","2010","SEAR","IND","FMLE","18.8","","","",""
"TOBACCO_0000000346","PUBLISHED","2010","SEAR","IDN","FMLE","65.3","","","",""
"TOBACCO_0000000346","PUBLISHED","2010","EMR","IRN","FMLE","32.7","","","",""
"TOBACCO_0000000346","PUBLISHED","2010","EMR","IRQ","FMLE","34.4","","","",""
"TOBACCO_0000000346","PUBLISHED","2010","EUR","IRL","FMLE","-","","","",""
"TOBACCO_0000000346","PUBLISHED","2010","EUR","ISR","FMLE","-","","","",""
"TOBACCO_0000000346","PUBLISHED","2010","EUR","ITA","FMLE","-","","","",""
"TOBACCO_0000000346","PUBLISHED","2010","AMR","JAM","FMLE","39.6","","","",""
"TOBACCO_0000000346","PUBLISHED","2010","WPR","JPN","FMLE","-","","","",""
"TOBACCO_0000000346","PUBLISHED","2010","EMR","JOR","FMLE","55.5","","","",""
"TOBACCO_0000000346","PUBLISHED","2010","EUR","KAZ","FMLE","...","","","",""
"TOBACCO_0000000346","PUBLISHED","2010","AFR","KEN","FMLE","23.6","","","",""
"TOBACCO_0000000346","PUBLISHED","2010","WPR","KIR","FMLE","-","","","",""
"TOBACCO_0000000346","PUBLISHED","2010","EMR","KWT","FMLE","52","","","",""
"TOBACCO_0000000346","PUBLISHED","2010","EUR","KGZ","FMLE","31.9","","","",""
"TOBACCO_0000000346","PUBLISHED","2010","WPR","LAO","FMLE","39.5","","","",""
"TOBACCO_0000000346","PUBLISHED","2010","EUR","LVA","FMLE","55.1","","","",""
"TOBACCO_0000000346","PUBLISHED","2010","EMR","LBN","FMLE","80.4","","","",""
"TOBACCO_0000000346","PUBLISHED","2010","AFR","LSO","FMLE","37.3","","","",""
"TOBACCO_0000000346","PUBLISHED","2010","AFR","LBR","FMLE","24.5","","","",""
"TOBACCO_0000000346","PUBLISHED","2010","EMR","LBY","FMLE","36.6","","","",""
"TOBACCO_0000000346","PUBLISHED","2010","EUR","LTU","FMLE","42.6","","","",""
"TOBACCO_0000000346","PUBLISHED","2010","EUR","LUX","FMLE","-","","","",""
"TOBACCO_0000000346","PUBLISHED","2010","AFR","MDG","FMLE","44.9","","","",""
"TOBACCO_0000000346","PUBLISHED","2010","AFR","MWI","FMLE","14","","","",""
"TOBACCO_0000000346","PUBLISHED","2010","WPR","MYS","FMLE","47.6","","","",""
"TOBACCO_0000000346","PUBLISHED","2010","SEAR","MDV","FMLE","47.1","","","",""
"TOBACCO_0000000346","PUBLISHED","2010","AFR","MLI","FMLE","46.9","","","",""
"TOBACCO_0000000346","PUBLISHED","2010","EUR","MLT","FMLE","-","","","",""
"TOBACCO_0000000346","PUBLISHED","2010","WPR","MHL","FMLE","-","","","",""
"TOBACCO_0000000346","PUBLISHED","2010","AFR","MRT","FMLE","35","","","",""
"TOBACCO_0000000346","PUBLISHED","2010","AFR","MUS","FMLE","34.1","","","",""
"TOBACCO_0000000346","PUBLISHED","2010","AMR","MEX","FMLE","45.5","","","",""
"TOBACCO_0000000346","PUBLISHED","2010","WPR","FSM","FMLE","59.6","","","",""
"TOBACCO_0000000346","PUBLISHED","2010","EUR","MCO","FMLE","-","","","",""
"TOBACCO_0000000346","PUBLISHED","2010","WPR","MNG","FMLE","54.3","","","",""
"TOBACCO_0000000346","PUBLISHED","2010","EMR","MAR","FMLE","29.2","","","",""
"TOBACCO_0000000346","PUBLISHED","2010","AFR","MOZ","FMLE","19.6","","","",""
"TOBACCO_0000000346","PUBLISHED","2010","SEAR","MMR","FMLE","29.4","","","",""
"TOBACCO_0000000346","PUBLISHED","2010","AFR","NAM","FMLE","37.9","","","",""
"TOBACCO_0000000346","PUBLISHED","2010","WPR","NRU","FMLE","-","","","",""
"TOBACCO_0000000346","PUBLISHED","2010","SEAR","NPL","FMLE","31.7","","","",""
"TOBACCO_0000000346","PUBLISHED","2010","EUR","NLD","FMLE","-","","","",""
"TOBACCO_0000000346","PUBLISHED","2010","WPR","NZL","FMLE","33.1","","","",""
"TOBACCO_0000000346","PUBLISHED","2010","AMR","NIC","FMLE","43.2","","","",""
"TOBACCO_0000000346","PUBLISHED","2010","AFR","NER","FMLE","20.4","","","",""
"TOBACCO_0000000346","PUBLISHED","2010","AFR","NGA","FMLE","12.8","","","",""
"TOBACCO_0000000346","PUBLISHED","2010","WPR","NIU","FMLE","-","","","",""
"TOBACCO_0000000346","PUBLISHED","2010","EUR","NOR","FMLE","-","","","",""
"TOBACCO_0000000346","PUBLISHED","2010","EMR","OMN","FMLE","10.9","","","",""
"TOBACCO_0000000346","PUBLISHED","2010","EMR","PAK","FMLE","21.7","","","",""
"TOBACCO_0000000346","PUBLISHED","2010","WPR","PLW","FMLE",". . .","","","",""
"TOBACCO_0000000346","PUBLISHED","2010","AMR","PAN","FMLE","21.5","","","",""
"TOBACCO_0000000346","PUBLISHED","2010","WPR","PNG","FMLE","72.2","","","",""
"TOBACCO_0000000346","PUBLISHED","2010","AMR","PRY","FMLE","30.1","","","",""
"TOBACCO_0000000346","PUBLISHED","2010","AMR","PER","FMLE","24.2","","","",""
"TOBACCO_0000000346","PUBLISHED","2010","WPR","PHL","FMLE","53.1","","","",""
"TOBACCO_0000000346","PUBLISHED","2010","EUR","POL","FMLE","54.6","","","",""
"TOBACCO_0000000346","PUBLISHED","2010","EUR","PRT","FMLE","-","","","",""
"TOBACCO_0000000346","PUBLISHED","2010","EMR","QAT","FMLE","35.2","","","",""
"TOBACCO_0000000346","PUBLISHED","2010","WPR","KOR","FMLE","41.6","","","",""
"TOBACCO_0000000346","PUBLISHED","2010","EUR","MDA","FMLE","20.1","","","",""
"TOBACCO_0000000346","PUBLISHED","2010","EUR","ROU","FMLE","55.4","","","",""
"TOBACCO_0000000346","PUBLISHED","2010","EUR","RUS","FMLE","78.5","","","",""
"TOBACCO_0000000346","PUBLISHED","2010","AFR","RWA","FMLE","18","","","",""
"TOBACCO_0000000346","PUBLISHED","2010","AMR","KNA","FMLE","21.9","","","",""
"TOBACCO_0000000346","PUBLISHED","2010","AMR","LCA","FMLE","22.6","","","",""
"TOBACCO_0000000346","PUBLISHED","2010","AMR","VCT","FMLE","30.9","","","",""
"TOBACCO_0000000346","PUBLISHED","2010","WPR","WSM","FMLE","56.4","","","",""
"TOBACCO_0000000346","PUBLISHED","2010","EUR","SMR","FMLE","-","","","",""
"TOBACCO_0000000346","PUBLISHED","2010","AFR","STP","FMLE","-","","","",""
"TOBACCO_0000000346","PUBLISHED","2010","EMR","SAU","FMLE","28.8","","","",""
"TOBACCO_0000000346","PUBLISHED","2010","AFR","SEN","FMLE","42.5","","","",""
"TOBACCO_0000000346","PUBLISHED","2010","EUR","SRB","FMLE","80","","","",""
"TOBACCO_0000000346","PUBLISHED","2010","AFR","SYC","FMLE","46.1","","","",""
"TOBACCO_0000000346","PUBLISHED","2010","AFR","SLE","FMLE","42.9","","","",""
"TOBACCO_0000000346","PUBLISHED","2010","WPR","SGP","FMLE","35.2","","","",""
"TOBACCO_0000000346","PUBLISHED","2010","EUR","SVK","FMLE","46.9","","","",""
"TOBACCO_0000000346","PUBLISHED","2010","EUR","SVN","FMLE",". . .","","","",""
"TOBACCO_0000000346","PUBLISHED","2010","WPR","SLB","FMLE","-","","","",""
"TOBACCO_0000000346","PUBLISHED","2010","EMR","SOM","FMLE","21.9","","","",""
"TOBACCO_0000000346","PUBLISHED","2010","AFR","ZAF","FMLE","31.5","","","",""
"TOBACCO_0000000346","PUBLISHED","2010","EUR","ESP","FMLE","-","","","",""
"TOBACCO_0000000346","PUBLISHED","2010","SEAR","LKA","FMLE","33.4","","","",""
"TOBACCO_0000000346","PUBLISHED","2010","EMR","SDN","FMLE","28.7","","","",""
"TOBACCO_0000000346","PUBLISHED","2010","AMR","SUR","FMLE","47.7","","","",""
"TOBACCO_0000000346","PUBLISHED","2010","AFR","SWZ","FMLE","24.3","","","",""
"TOBACCO_0000000346","PUBLISHED","2010","EUR","SWE","FMLE","-","","","",""
"TOBACCO_0000000346","PUBLISHED","2010","EUR","CHE","FMLE","-","","","",""
"TOBACCO_0000000346","PUBLISHED","2010","EMR","SYR","FMLE","52.9","","","",""
"TOBACCO_0000000346","PUBLISHED","2010","EUR","TJK","FMLE",". . .","","","",""
"TOBACCO_0000000346","PUBLISHED","2010","SEAR","THA","FMLE","44.7","","","",""
"TOBACCO_0000000346","PUBLISHED","2010","EUR","MKD","FMLE","70.5","","","",""
"TOBACCO_0000000346","PUBLISHED","2010","SEAR","TLS","FMLE","52.1","","","",""
"TOBACCO_0000000346","PUBLISHED","2010","AFR","TGO","FMLE","15.7","","","",""
"TOBACCO_0000000346","PUBLISHED","2010","WPR","TON","FMLE","-","","","",""
"TOBACCO_0000000346","PUBLISHED","2010","AMR","TTO","FMLE","43.6","","","",""
"TOBACCO_0000000346","PUBLISHED","2010","EMR","TUN","FMLE","51.1","","","",""
"TOBACCO_0000000346","PUBLISHED","2010","EUR","TUR","FMLE","53","","","",""
"TOBACCO_0000000346","PUBLISHED","2010","EUR","TKM","FMLE","-","","","",""
"TOBACCO_0000000346","PUBLISHED","2010","WPR","TUV","FMLE","75.8","","","",""
"TOBACCO_0000000346","PUBLISHED","2010","AFR","UGA","FMLE","18.8","","","",""
"TOBACCO_0000000346","PUBLISHED","2010","EUR","UKR","FMLE",". . .","","","",""
"TOBACCO_0000000346","PUBLISHED","2010","EMR","ARE","FMLE","25.4","","","",""
"TOBACCO_0000000346","PUBLISHED","2010","EUR","GBR","FMLE","-","","","",""
"TOBACCO_0000000346","PUBLISHED","2010","AFR","TZA","FMLE","14.9","","","",""
"TOBACCO_0000000346","PUBLISHED","2010","AMR","USA","FMLE","36.1","","","",""
"TOBACCO_0000000346","PUBLISHED","2010","AMR","URY","FMLE","52.5","","","",""
"TOBACCO_0000000346","PUBLISHED","2010","EUR","UZB","FMLE","15.8","","","",""
"TOBACCO_0000000346","PUBLISHED","2010","WPR","VUT","FMLE","56.7","","","",""
"TOBACCO_0000000346","PUBLISHED","2010","AMR","VEN","FMLE","...","","","",""
"TOBACCO_0000000346","PUBLISHED","2010","WPR","VNM","FMLE","58","","","",""
"TOBACCO_0000000346","PUBLISHED","2010","EMR","YEM","FMLE","37.8","","","",""
"TOBACCO_0000000346","PUBLISHED","2010","AFR","ZMB","FMLE","24.3","","","",""
"TOBACCO_0000000346","PUBLISHED","2010","AFR","ZWE","FMLE","19.4","","","",""
"TOBACCO_0000000346","PUBLISHED","2010","EUR","MNE","FMLE","79.9","","","",""
"TOBACCO_0000000346","PUBLISHED","2010","AFR","CIV","FMLE","33","","","",""
"TOBACCO_0000000346","PUBLISHED","2010","EMR","AFG","BTSX","38.8","","","",""
"TOBACCO_0000000346","PUBLISHED","2010","EUR","ALB","BTSX","49.7","","","",""
"TOBACCO_0000000346","PUBLISHED","2010","AFR","DZA","BTSX","38.7","","","",""
"TOBACCO_0000000346","PUBLISHED","2010","EUR","AND","BTSX","-","","","",""
"TOBACCO_0000000346","PUBLISHED","2010","AFR","AGO","BTSX","-","","","",""
"TOBACCO_0000000346","PUBLISHED","2010","AMR","ATG","BTSX","26.7","","","",""
"TOBACCO_0000000346","PUBLISHED","2010","AMR","ARG","BTSX","54.7","","","",""
"TOBACCO_0000000346","PUBLISHED","2010","EUR","ARM","BTSX","70.6","","","",""
"TOBACCO_0000000346","PUBLISHED","2010","WPR","AUS","BTSX","-","","","",""
"TOBACCO_0000000346","PUBLISHED","2010","EUR","AUT","BTSX","-","","","",""
"TOBACCO_0000000346","PUBLISHED","2010","EUR","AZE","BTSX","-","","","",""
"TOBACCO_0000000346","PUBLISHED","2010","AMR","BHS","BTSX","25.1","","","",""
"TOBACCO_0000000346","PUBLISHED","2010","EMR","BHR","BTSX","38.7","","","",""
"TOBACCO_0000000346","PUBLISHED","2010","SEAR","BGD","BTSX","34.7","","","",""
"TOBACCO_0000000346","PUBLISHED","2010","AMR","BRB","BTSX","25.9","","","",""
"TOBACCO_0000000346","PUBLISHED","2010","EUR","BLR","BTSX",". . .","","","",""
"TOBACCO_0000000346","PUBLISHED","2010","EUR","BEL","BTSX","-","","","",""
"TOBACCO_0000000346","PUBLISHED","2010","AMR","BLZ","BTSX","25.7","","","",""
"TOBACCO_0000000346","PUBLISHED","2010","AFR","BEN","BTSX","21.5","","","",""
"TOBACCO_0000000346","PUBLISHED","2010","SEAR","BTN","BTSX","29.5","","","",""
"TOBACCO_0000000346","PUBLISHED","2010","AMR","BOL","BTSX","34.3","","","",""
"TOBACCO_0000000346","PUBLISHED","2010","EUR","BIH","BTSX","77.3","","","",""
"TOBACCO_0000000346","PUBLISHED","2010","AFR","BWA","BTSX","38.5","","","",""
"TOBACCO_0000000346","PUBLISHED","2010","AMR","BRA","BTSX","35.5","","","",""
"TOBACCO_0000000346","PUBLISHED","2010","WPR","BRN","BTSX","-","","","",""
"TOBACCO_0000000346","PUBLISHED","2010","EUR","BGR","BTSX","63.9","","","",""
"TOBACCO_0000000346","PUBLISHED","2010","AFR","BFA","BTSX","29.2","","","",""
"TOBACCO_0000000346","PUBLISHED","2010","AFR","BDI","BTSX","33.9","","","",""
"TOBACCO_0000000346","PUBLISHED","2010","WPR","KHM","BTSX","47","","","",""
"TOBACCO_0000000346","PUBLISHED","2010","AFR","CMR","BTSX","21.7","","","",""
"TOBACCO_0000000346","PUBLISHED","2010","AMR","CAN","BTSX","-","","","",""
"TOBACCO_0000000346","PUBLISHED","2010","AFR","CPV","BTSX","13.9","","","",""
"TOBACCO_0000000346","PUBLISHED","2010","AFR","CAF","BTSX","35.2","","","",""
"TOBACCO_0000000346","PUBLISHED","2010","AFR","TCD","BTSX","33.9","","","",""
"TOBACCO_0000000346","PUBLISHED","2010","AMR","CHL","BTSX","51.7","","","",""
"TOBACCO_0000000346","PUBLISHED","2010","WPR","CHN","BTSX","47","","","",""
"TOBACCO_0000000346","PUBLISHED","2010","AMR","COL","BTSX","26.2","","","",""
"TOBACCO_0000000346","PUBLISHED","2010","AFR","COM","BTSX","35.2","","","",""
"TOBACCO_0000000346","PUBLISHED","2010","AFR","COG","BTSX","22.3","","","",""
"TOBACCO_0000000346","PUBLISHED","2010","WPR","COK","BTSX","61.9","","","",""
"TOBACCO_0000000346","PUBLISHED","2010","AMR","CRI","BTSX","21.6","","","",""
"TOBACCO_0000000346","PUBLISHED","2010","EUR","HRV","BTSX","73.4","","","",""
"TOBACCO_0000000346","PUBLISHED","2010","AMR","CUB","BTSX","51.5","","","",""
"TOBACCO_0000000346","PUBLISHED","2010","EUR","CYP","BTSX","87.9","","","",""
"TOBACCO_0000000346","PUBLISHED","2010","EUR","CZE","BTSX","38","","","",""
"TOBACCO_0000000346","PUBLISHED","2010","SEAR","PRK","BTSX","-","","","",""
"TOBACCO_0000000346","PUBLISHED","2010","AFR","COD","BTSX","30.2","","","",""
"TOBACCO_0000000346","PUBLISHED","2010","EUR","DNK","BTSX","-","","","",""
"TOBACCO_0000000346","PUBLISHED","2010","EMR","DJI","BTSX","36","","","",""
"TOBACCO_0000000346","PUBLISHED","2010","AMR","DMA","BTSX","26.9","","","",""
"TOBACCO_0000000346","PUBLISHED","2010","AMR","DOM","BTSX","33.1","","","",""
"TOBACCO_0000000346","PUBLISHED","2010","AMR","ECU","BTSX","28.9","","","",""
"TOBACCO_0000000346","PUBLISHED","2010","EMR","EGY","BTSX","47.6","","","",""
"TOBACCO_0000000346","PUBLISHED","2010","AMR","SLV","BTSX","17.9","","","",""
"TOBACCO_0000000346","PUBLISHED","2010","AFR","GNQ","BTSX","47.5","","","",""
"TOBACCO_0000000346","PUBLISHED","2010","AFR","ERI","BTSX","18.4","","","",""
"TOBACCO_0000000346","PUBLISHED","2010","EUR","EST","BTSX","41.1","","","",""
"TOBACCO_0000000346","PUBLISHED","2010","AFR","ETH","BTSX","14.9","","","",""
"TOBACCO_0000000346","PUBLISHED","2010","WPR","FJI","BTSX","42.1","","","",""
"TOBACCO_0000000346","PUBLISHED","2010","EUR","FIN","BTSX","-","","","",""
"TOBACCO_0000000346","PUBLISHED","2010","EUR","FRA","BTSX","-","","","",""
"TOBACCO_0000000346","PUBLISHED","2010","AFR","GAB","BTSX","-","","","",""
"TOBACCO_0000000346","PUBLISHED","2010","AFR","GMB","BTSX","45.8","","","",""
"TOBACCO_0000000346","PUBLISHED","2010","EUR","GEO","BTSX","62.7","","","",""
"TOBACCO_0000000346","PUBLISHED","2010","EUR","DEU","BTSX","-","","","",""
"TOBACCO_0000000346","PUBLISHED","2010","AFR","GHA","BTSX","19.1","","","",""
"TOBACCO_0000000346","PUBLISHED","2010","EUR","GRC","BTSX",". . .","","","",""
"TOBACCO_0000000346","PUBLISHED","2010","AMR","GRD","BTSX","27.3","","","",""
"TOBACCO_0000000346","PUBLISHED","2010","AMR","GTM","BTSX","23.1","","","",""
"TOBACCO_0000000346","PUBLISHED","2010","AFR","GIN","BTSX","27.7","","","",""
"TOBACCO_0000000346","PUBLISHED","2010","AFR","GNB","BTSX","31","","","",""
"TOBACCO_0000000346","PUBLISHED","2010","AMR","GUY","BTSX","31.8","","","",""
"TOBACCO_0000000346","PUBLISHED","2010","AMR","HTI","BTSX","32.3","","","",""
"TOBACCO_0000000346","PUBLISHED","2010","AMR","HND","BTSX","29.6","","","",""
"TOBACCO_0000000346","PUBLISHED","2010","EUR","HUN","BTSX","43","","","",""
"TOBACCO_0000000346","PUBLISHED","2010","EUR","ISL","BTSX","-","","","",""
"TOBACCO_0000000346","PUBLISHED","2010","SEAR","IND","BTSX","21.9","","","",""
"TOBACCO_0000000346","PUBLISHED","2010","SEAR","IDN","BTSX","68.8","","","",""
"TOBACCO_0000000346","PUBLISHED","2010","EMR","IRN","BTSX","35.4","","","",""
"TOBACCO_0000000346","PUBLISHED","2010","EMR","IRQ","BTSX","32.3","","","",""
"TOBACCO_0000000346","PUBLISHED","2010","EUR","IRL","BTSX","-","","","",""
"TOBACCO_0000000346","PUBLISHED","2010","EUR","ISR","BTSX","-","","","",""
"TOBACCO_0000000346","PUBLISHED","2010","EUR","ITA","BTSX","-","","","",""
"TOBACCO_0000000346","PUBLISHED","2010","AMR","JAM","BTSX","38.9","","","",""
"TOBACCO_0000000346","PUBLISHED","2010","WPR","JPN","BTSX","-","","","",""
"TOBACCO_0000000346","PUBLISHED","2010","EMR","JOR","BTSX","53.6","","","",""
"TOBACCO_0000000346","PUBLISHED","2010","EUR","KAZ","BTSX","...","","","",""
"TOBACCO_0000000346","PUBLISHED","2010","AFR","KEN","BTSX","24.7","","","",""
"TOBACCO_0000000346","PUBLISHED","2010","WPR","KIR","BTSX","-","","","",""
"TOBACCO_0000000346","PUBLISHED","2010","EMR","KWT","BTSX","49.8","","","",""
"TOBACCO_0000000346","PUBLISHED","2010","EUR","KGZ","BTSX","33.4","","","",""
"TOBACCO_0000000346","PUBLISHED","2010","WPR","LAO","BTSX","40.3","","","",""
"TOBACCO_0000000346","PUBLISHED","2010","EUR","LVA","BTSX","55.2","","","",""
"TOBACCO_0000000346","PUBLISHED","2010","EMR","LBN","BTSX","78.4","","","",""
"TOBACCO_0000000346","PUBLISHED","2010","AFR","LSO","BTSX","36.9","","","",""
"TOBACCO_0000000346","PUBLISHED","2010","AFR","LBR","BTSX","23.6","","","",""
"TOBACCO_0000000346","PUBLISHED","2010","EMR","LBY","BTSX","35.7","","","",""
"TOBACCO_0000000346","PUBLISHED","2010","EUR","LTU","BTSX","38.3","","","",""
"TOBACCO_0000000346","PUBLISHED","2010","EUR","LUX","BTSX","-","","","",""
"TOBACCO_0000000346","PUBLISHED","2010","AFR","MDG","BTSX","49.5","","","",""
"TOBACCO_0000000346","PUBLISHED","2010","AFR","MWI","BTSX","19.7","","","",""
"TOBACCO_0000000346","PUBLISHED","2010","WPR","MYS","BTSX","48.7","","","",""
"TOBACCO_0000000346","PUBLISHED","2010","SEAR","MDV","BTSX","48.3","","","",""
"TOBACCO_0000000346","PUBLISHED","2010","AFR","MLI","BTSX","48.5","","","",""
"TOBACCO_0000000346","PUBLISHED","2010","EUR","MLT","BTSX","-","","","",""
"TOBACCO_0000000346","PUBLISHED","2010","WPR","MHL","BTSX","-","","","",""
"TOBACCO_0000000346","PUBLISHED","2010","AFR","MRT","BTSX","37.5","","","",""
"TOBACCO_0000000346","PUBLISHED","2010","AFR","MUS","BTSX","36.1","","","",""
"TOBACCO_0000000346","PUBLISHED","2010","AMR","MEX","BTSX","46.2","","","",""
"TOBACCO_0000000346","PUBLISHED","2010","WPR","FSM","BTSX","60.7","","","",""
"TOBACCO_0000000346","PUBLISHED","2010","EUR","MCO","BTSX","-","","","",""
"TOBACCO_0000000346","PUBLISHED","2010","WPR","MNG","BTSX","54.4","","","",""
"TOBACCO_0000000346","PUBLISHED","2010","EMR","MAR","BTSX","27.1","","","",""
"TOBACCO_0000000346","PUBLISHED","2010","AFR","MOZ","BTSX","22.5","","","",""
"TOBACCO_0000000346","PUBLISHED","2010","SEAR","MMR","BTSX","34.1","","","",""
"TOBACCO_0000000346","PUBLISHED","2010","AFR","NAM","BTSX","38.1","","","",""
"TOBACCO_0000000346","PUBLISHED","2010","WPR","NRU","BTSX","-","","","",""
"TOBACCO_0000000346","PUBLISHED","2010","SEAR","NPL","BTSX","35.3","","","",""
"TOBACCO_0000000346","PUBLISHED","2010","EUR","NLD","BTSX","-","","","",""
"TOBACCO_0000000346","PUBLISHED","2010","WPR","NZL","BTSX","36","","","",""
"TOBACCO_0000000346","PUBLISHED","2010","AMR","NIC","BTSX","43.7","","","",""
"TOBACCO_0000000346","PUBLISHED","2010","AFR","NER","BTSX","24.1","","","",""
"TOBACCO_0000000346","PUBLISHED","2010","AFR","NGA","BTSX","21.7","","","",""
"TOBACCO_0000000346","PUBLISHED","2010","WPR","NIU","BTSX","-","","","",""
"TOBACCO_0000000346","PUBLISHED","2010","EUR","NOR","BTSX","-","","","",""
"TOBACCO_0000000346","PUBLISHED","2010","EMR","OMN","BTSX","11.9","","","",""
"TOBACCO_0000000346","PUBLISHED","2010","EMR","PAK","BTSX","26.6","","","",""
"TOBACCO_0000000346","PUBLISHED","2010","WPR","PLW","BTSX",". . .","","","",""
"TOBACCO_0000000346","PUBLISHED","2010","AMR","PAN","BTSX","21.9","","","",""
"TOBACCO_0000000346","PUBLISHED","2010","WPR","PNG","BTSX","73.9","","","",""
"TOBACCO_0000000346","PUBLISHED","2010","AMR","PRY","BTSX","32.5","","","",""
"TOBACCO_0000000346","PUBLISHED","2010","AMR","PER","BTSX","25.5","","","",""
"TOBACCO_0000000346","PUBLISHED","2010","WPR","PHL","BTSX","54.5","","","",""
"TOBACCO_0000000346","PUBLISHED","2010","EUR","POL","BTSX","49.1","","","",""
"TOBACCO_0000000346","PUBLISHED","2010","EUR","PRT","BTSX","-","","","",""
"TOBACCO_0000000346","PUBLISHED","2010","EMR","QAT","BTSX","35.7","","","",""
"TOBACCO_0000000346","PUBLISHED","2010","WPR","KOR","BTSX","37.6","","","",""
"TOBACCO_0000000346","PUBLISHED","2010","EUR","MDA","BTSX","20.3","","","",""
"TOBACCO_0000000346","PUBLISHED","2010","EUR","ROU","BTSX","52.8","","","",""
"TOBACCO_0000000346","PUBLISHED","2010","EUR","RUS","BTSX","76.4","","","",""
"TOBACCO_0000000346","PUBLISHED","2010","AFR","RWA","BTSX","19.2","","","",""
"TOBACCO_0000000346","PUBLISHED","2010","AMR","KNA","BTSX","20.7","","","",""
"TOBACCO_0000000346","PUBLISHED","2010","AMR","LCA","BTSX","25.2","","","",""
"TOBACCO_0000000346","PUBLISHED","2010","AMR","VCT","BTSX","31.5","","","",""
"TOBACCO_0000000346","PUBLISHED","2010","WPR","WSM","BTSX","59.1","","","",""
"TOBACCO_0000000346","PUBLISHED","2010","EUR","SMR","BTSX","-","","","",""
"TOBACCO_0000000346","PUBLISHED","2010","AFR","STP","BTSX","-","","","",""
"TOBACCO_0000000346","PUBLISHED","2010","EMR","SAU","BTSX","29.5","","","",""
"TOBACCO_0000000346","PUBLISHED","2010","AFR","SEN","BTSX","47.6","","","",""
"TOBACCO_0000000346","PUBLISHED","2010","EUR","SRB","BTSX","76.9","","","",""
"TOBACCO_0000000346","PUBLISHED","2010","AFR","SYC","BTSX","42.3","","","",""
"TOBACCO_0000000346","PUBLISHED","2010","AFR","SLE","BTSX","44.2","","","",""
"TOBACCO_0000000346","PUBLISHED","2010","WPR","SGP","BTSX","35.1","","","",""
"TOBACCO_0000000346","PUBLISHED","2010","EUR","SVK","BTSX","44.9","","","",""
"TOBACCO_0000000346","PUBLISHED","2010","EUR","SVN","BTSX",". . .","","","",""
"TOBACCO_0000000346","PUBLISHED","2010","WPR","SLB","BTSX","-","","","",""
"TOBACCO_0000000346","PUBLISHED","2010","EMR","SOM","BTSX","29.1","","","",""
"TOBACCO_0000000346","PUBLISHED","2010","AFR","ZAF","BTSX","32.1","","","",""
"TOBACCO_0000000346","PUBLISHED","2010","EUR","ESP","BTSX","-","","","",""
"TOBACCO_0000000346","PUBLISHED","2010","SEAR","LKA","BTSX","35.4","","","",""
"TOBACCO_0000000346","PUBLISHED","2010","EMR","SDN","BTSX","27.6","","","",""
"TOBACCO_0000000346","PUBLISHED","2010","AMR","SUR","BTSX","46.6","","","",""
"TOBACCO_0000000346","PUBLISHED","2010","AFR","SWZ","BTSX","23.3","","","",""
"TOBACCO_0000000346","PUBLISHED","2010","EUR","SWE","BTSX","-","","","",""
"TOBACCO_0000000346","PUBLISHED","2010","EUR","CHE","BTSX","-","","","",""
"TOBACCO_0000000346","PUBLISHED","2010","EMR","SYR","BTSX","53.2","","","",""
"TOBACCO_0000000346","PUBLISHED","2010","EUR","TJK","BTSX",". . .","","","",""
"TOBACCO_0000000346","PUBLISHED","2010","SEAR","THA","BTSX","45.7","","","",""
"TOBACCO_0000000346","PUBLISHED","2010","EUR","MKD","BTSX","67.5","","","",""
"TOBACCO_0000000346","PUBLISHED","2010","SEAR","TLS","BTSX","59.4","","","",""
"TOBACCO_0000000346","PUBLISHED","2010","AFR","TGO","BTSX","20.2","","","",""
"TOBACCO_0000000346","PUBLISHED","2010","WPR","TON","BTSX","-","","","",""
"TOBACCO_0000000346","PUBLISHED","2010","AMR","TTO","BTSX","40.1","","","",""
"TOBACCO_0000000346","PUBLISHED","2010","EMR","TUN","BTSX","50.3","","","",""
"TOBACCO_0000000346","PUBLISHED","2010","EUR","TUR","BTSX","48.6","","","",""
"TOBACCO_0000000346","PUBLISHED","2010","EUR","TKM","BTSX","-","","","",""
"TOBACCO_0000000346","PUBLISHED","2010","WPR","TUV","BTSX","76.6","","","",""
"TOBACCO_0000000346","PUBLISHED","2010","AFR","UGA","BTSX","20","","","",""
"TOBACCO_0000000346","PUBLISHED","2010","EUR","UKR","BTSX",". . .","","","",""
"TOBACCO_0000000346","PUBLISHED","2010","AFR","CIV","BTSX","33.1","","","",""
"TOBACCO_0000000346","PUBLISHED","2010","EUR","MNE","BTSX","76.8","","","",""
"TOBACCO_0000000346","PUBLISHED","2010","AFR","ZWE","BTSX","20.9","","","",""
"TOBACCO_0000000346","PUBLISHED","2010","AFR","ZMB","BTSX","23.1","","","",""
"TOBACCO_0000000346","PUBLISHED","2010","EMR","YEM","BTSX","44.9","","","",""
"TOBACCO_0000000346","PUBLISHED","2010","WPR","VNM","BTSX","58.5","","","",""
"TOBACCO_0000000346","PUBLISHED","2010","AMR","VEN","BTSX","...","","","",""
"TOBACCO_0000000346","PUBLISHED","2010","WPR","VUT","BTSX","59.3","","","",""
"TOBACCO_0000000346","PUBLISHED","2010","EUR","UZB","BTSX","17.3","","","",""
"TOBACCO_0000000346","PUBLISHED","2010","AMR","URY","BTSX","50.5","","","",""
"TOBACCO_0000000346","PUBLISHED","2010","AMR","USA","BTSX","35.7","","","",""
"TOBACCO_0000000346","PUBLISHED","2010","AFR","TZA","BTSX","15.7","","","",""
"TOBACCO_0000000346","PUBLISHED","2010","EUR","GBR","BTSX","-","","","",""
"TOBACCO_0000000346","PUBLISHED","2010","EMR","ARE","BTSX","25.3","","","",""
